dataset_id,feature,parameter,method,owner,product_code,aggregation_statistic,frequency_interval,utc_offset,units,license,attribution,result_type,precision,from_date,to_date,n_stations
fc06fb5459b720cc99645323,groundwater,groundwater_depth,sensor_recording,Greater Wellington Regional Council,quality_controlled_data,mean,24H,12H,m,https://creativecommons.org/licenses/by/4.0/,Data licenced by Greater Wellington Regional Council,time_series,0.001,1967-12-14T12:00:00,2022-09-05T12:00:00,402
6d24829fae796dae546e01a4,still_waters,turbidity,sample_analysis,Greater Wellington Regional Council,quality_controlled_data,sporadic,None,0H,NTU,https://creativecommons.org/licenses/by/4.0/,Data licenced by Greater Wellington Regional Council,time_series,0.01,1994-06-01T23:40:00,2022-06-28T23:50:00,8
4f2ca1b4fe467f5925492232,still_waters,oxygen_dissolved,sensor_recording,Greater Wellington Regional Council,quality_controlled_data,mean,24H,12H,mg/l,https://creativecommons.org/licenses/by/4.0/,Data licenced by Greater Wellington Regional Council,time_series,0.01,2013-04-27T12:00:00,2015-05-24T12:00:00,2
dc547dd5fb065a56c5d94303,waterway,streamflow,sensor_recording,Greater Wellington Regional Council,raw_data,mean,24H,12H,m^3/s,https://creativecommons.org/licenses/by/4.0/,Data licenced by Greater Wellington Regional Council,time_series,0.0001,2022-06-13T12:00:00,2022-08-26T12:00:00,48
afab1dcd45a9df4f94e07461,waterway,oxygen_dissolved,sensor_recording,Greater Wellington Regional Council,quality_controlled_data,mean,1H,0H,mg/l,https://creativecommons.org/licenses/by/4.0/,Data licenced by Greater Wellington Regional Council,time_series,0.01,2002-05-17T04:00:00,2022-09-06T20:00:00,26
04025d6563a79967ec112d9b,waterway,streamflow,sensor_recording,Greater Wellington Regional Council,quality_controlled_data,mean,24H,12H,m^3/s,https://creativecommons.org/licenses/by/4.0/,Data licenced by Greater Wellington Regional Council,time_series,0.0001,1954-11-09T12:00:00,2022-07-29T12:00:00,113
ffe63797b241a0f34e68a177,atmosphere,precipitation,sensor_recording,Greater Wellington Regional Council,quality_controlled_data,cumulative,1H,0H,mm,https://creativecommons.org/licenses/by/4.0/,Data licenced by Greater Wellington Regional Council,time_series,0.1,1879-01-01T20:00:00,2022-09-06T22:00:00,145
16593b5031c80d5d0eb92a0d,groundwater,temperature,sensor_recording,Greater Wellington Regional Council,quality_controlled_data,mean,1H,0H,degC,https://creativecommons.org/licenses/by/4.0/,Data licenced by Greater Wellington Regional Council,time_series,0.01,2001-06-05T02:00:00,2022-09-06T21:00:00,62
df734702c65cc321987c6c8d,atmosphere,precipitation,sensor_recording,Greater Wellington Regional Council,quality_controlled_data,cumulative,24H,12H,mm,https://creativecommons.org/licenses/by/4.0/,Data licenced by Greater Wellington Regional Council,time_series,0.1,1879-01-01T12:00:00,2022-09-06T12:00:00,273
c15e34b7978c20c622aef4e4,waterway,gage_height,sensor_recording,Greater Wellington Regional Council,raw_data,mean,1H,0H,m,https://creativecommons.org/licenses/by/4.0/,Data licenced by Greater Wellington Regional Council,time_series,0.001,2022-06-14T09:00:00,2022-08-26T20:00:00,66
7320bc2a0ce4b9fc06e15ee6,atmosphere,precipitation,sensor_recording,Greater Wellington Regional Council,raw_data,cumulative,1H,0H,mm,https://creativecommons.org/licenses/by/4.0/,Data licenced by Greater Wellington Regional Council,time_series,0.1,2022-06-14T09:00:00,2022-08-26T21:00:00,95
6daf5b844f462ab4a388ad57,waterway,streamflow,sensor_recording,Greater Wellington Regional Council,quality_controlled_data,continuous,None,0H,m^3/s,https://creativecommons.org/licenses/by/4.0/,Data licenced by Greater Wellington Regional Council,time_series,0.0001,1954-11-10T03:00:00,2022-07-14T05:05:00,112
2fd7fde0b258b18d661d3730,still_waters,temperature,sensor_recording,Greater Wellington Regional Council,quality_controlled_data,mean,24H,12H,degC,https://creativecommons.org/licenses/by/4.0/,Data licenced by Greater Wellington Regional Council,time_series,0.01,2012-08-06T12:00:00,2022-09-06T12:00:00,9
21a201be90109841ab30e812,waterway,oxygen_dissolved,sensor_recording,Greater Wellington Regional Council,quality_controlled_data,continuous,None,0H,mg/l,https://creativecommons.org/licenses/by/4.0/,Data licenced by Greater Wellington Regional Council,time_series,0.01,2002-05-17T04:55:00,2022-07-14T07:30:00,26
1d44e7c00cbd76b876b0000a,waterway,temperature,sensor_recording,Greater Wellington Regional Council,quality_controlled_data,continuous,None,0H,degC,https://creativecommons.org/licenses/by/4.0/,Data licenced by Greater Wellington Regional Council,time_series,0.01,2001-04-18T08:15:00,2022-07-14T07:30:00,102
cb2983b16a88b402349988c8,atmosphere,precipitation,sensor_recording,Greater Wellington Regional Council,quality_controlled_data,cumulative,None,0H,mm,https://creativecommons.org/licenses/by/4.0/,Data licenced by Greater Wellington Regional Council,time_series,0.1,1879-01-01T21:00:00,2022-07-14T08:20:00,273
e008cd0b17d2e5043f11773f,waterway,gage_height,sensor_recording,Greater Wellington Regional Council,raw_data,mean,24H,12H,m,https://creativecommons.org/licenses/by/4.0/,Data licenced by Greater Wellington Regional Council,time_series,0.001,2022-06-13T12:00:00,2022-08-26T12:00:00,66
5a7fec4cebfa99164afea538,waterway,streamflow,sensor_recording,Greater Wellington Regional Council,raw_data,continuous,None,0H,m^3/s,https://creativecommons.org/licenses/by/4.0/,Data licenced by Greater Wellington Regional Council,time_series,0.0001,2022-06-14T09:54:00,2022-08-26T21:00:00,48
0cb82c7c85968329497c3876,still_waters,oxygen_dissolved,field_activity,Greater Wellington Regional Council,quality_controlled_data,sporadic,None,0H,mg/l,https://creativecommons.org/licenses/by/4.0/,Data licenced by Greater Wellington Regional Council,time_series,0.01,1995-07-12T22:30:00,2022-06-28T23:50:00,8
c3d3059958eee43a498fc676,waterway,gage_height,sensor_recording,Greater Wellington Regional Council,quality_controlled_data,mean,1H,0H,m,https://creativecommons.org/licenses/by/4.0/,Data licenced by Greater Wellington Regional Council,time_series,0.001,1954-11-10T03:00:00,2022-07-30T07:00:00,166
74b66c0c153627592d53a5d7,waterway,turbidity,sensor_recording,Greater Wellington Regional Council,quality_controlled_data,mean,1H,0H,FNU,https://creativecommons.org/licenses/by/4.0/,Data licenced by Greater Wellington Regional Council,time_series,0.001,2014-12-31T12:00:00,2022-09-06T22:00:00,3
afb9814f755903e41a985dcf,still_waters,temperature,sensor_recording,Greater Wellington Regional Council,quality_controlled_data,mean,1H,0H,degC,https://creativecommons.org/licenses/by/4.0/,Data licenced by Greater Wellington Regional Council,time_series,0.01,2012-08-07T04:00:00,2022-09-06T20:00:00,9
e7e549d6ea3220339eb8ceed,still_waters,oxygen_dissolved,sensor_recording,Greater Wellington Regional Council,quality_controlled_data,mean,1H,0H,mg/l,https://creativecommons.org/licenses/by/4.0/,Data licenced by Greater Wellington Regional Council,time_series,0.01,2013-04-27T21:00:00,2015-05-24T23:00:00,2
921fee1325bd0ba23e590ea9,atmosphere,precipitation,sensor_recording,Greater Wellington Regional Council,raw_data,cumulative,24H,12H,mm,https://creativecommons.org/licenses/by/4.0/,Data licenced by Greater Wellington Regional Council,time_series,0.1,2022-06-13T12:00:00,2022-08-26T12:00:00,95
cb622a7daf2f864458c018dc,waterway,gage_height,sensor_recording,Greater Wellington Regional Council,raw_data,continuous,None,0H,m,https://creativecommons.org/licenses/by/4.0/,Data licenced by Greater Wellington Regional Council,time_series,0.001,2022-06-14T09:54:00,2022-08-26T20:55:59,66
2ce0826ddd1c8605028009f1,waterway,temperature,sensor_recording,Greater Wellington Regional Council,quality_controlled_data,mean,1H,0H,degC,https://creativecommons.org/licenses/by/4.0/,Data licenced by Greater Wellington Regional Council,time_series,0.01,2001-04-18T08:00:00,2022-09-06T21:00:00,103
66d2f5039bd684fc56c94765,waterway,oxygen_dissolved,field_activity,Greater Wellington Regional Council,quality_controlled_data,sporadic,None,0H,mg/l,https://creativecommons.org/licenses/by/4.0/,Data licenced by Greater Wellington Regional Council,time_series,0.01,1987-05-19T20:30:00,2022-06-29T03:15:00,117
2af069d69fa19d8c7efe0076,waterway,gage_height,sensor_recording,Greater Wellington Regional Council,quality_controlled_data,continuous,None,0H,m,https://creativecommons.org/licenses/by/4.0/,Data licenced by Greater Wellington Regional Council,time_series,0.001,1954-11-10T03:00:00,2022-07-14T03:30:00,174
111ce882b46ee10210e33004,still_waters,oxygen_dissolved,sensor_recording,Greater Wellington Regional Council,quality_controlled_data,continuous,None,0H,mg/l,https://creativecommons.org/licenses/by/4.0/,Data licenced by Greater Wellington Regional Council,time_series,0.01,2013-04-27T21:45:00,2015-05-24T23:15:00,2
ed36e345c60edff7be7bd5ae,groundwater,groundwater_depth,sensor_recording,Greater Wellington Regional Council,quality_controlled_data,mean,1H,0H,m,https://creativecommons.org/licenses/by/4.0/,Data licenced by Greater Wellington Regional Council,time_series,0.001,1967-12-15T03:00:00,2022-09-06T02:00:00,191
d3475ae0fb3391e13ac46ce2,waterway,turbidity,sample_analysis,Greater Wellington Regional Council,quality_controlled_data,sporadic,None,0H,NTU,https://creativecommons.org/licenses/by/4.0/,Data licenced by Greater Wellington Regional Council,time_series,0.01,1987-05-19T20:30:00,2022-06-29T03:15:00,151
2fbfbb92f71b3d05c0b8db51,waterway,turbidity,sensor_recording,Greater Wellington Regional Council,quality_controlled_data,continuous,None,0H,FNU,https://creativecommons.org/licenses/by/4.0/,Data licenced by Greater Wellington Regional Council,time_series,0.001,2014-12-31T12:00:00,2022-07-14T08:10:00,3
ee7644458ed666c7d2937115,waterway,streamflow,sensor_recording,Greater Wellington Regional Council,raw_data,mean,1H,0H,m^3/s,https://creativecommons.org/licenses/by/4.0/,Data licenced by Greater Wellington Regional Council,time_series,0.0001,2022-06-14T09:00:00,2022-08-26T20:00:00,48
31d86a4cc38ff3af3e4a3551,waterway,oxygen_dissolved,sensor_recording,Greater Wellington Regional Council,quality_controlled_data,mean,24H,12H,mg/l,https://creativecommons.org/licenses/by/4.0/,Data licenced by Greater Wellington Regional Council,time_series,0.01,2002-05-16T12:00:00,2022-09-06T12:00:00,26
d600bfbed0f90dbe42ab2200,groundwater,temperature,sensor_recording,Greater Wellington Regional Council,quality_controlled_data,continuous,None,0H,degC,https://creativecommons.org/licenses/by/4.0/,Data licenced by Greater Wellington Regional Council,time_series,0.01,2001-06-05T02:45:00,2022-07-14T08:00:00,62
644dcb4eac72288dcc38319d,waterway,gage_height,sensor_recording,Greater Wellington Regional Council,quality_controlled_data,mean,24H,12H,m,https://creativecommons.org/licenses/by/4.0/,Data licenced by Greater Wellington Regional Council,time_series,0.001,1954-11-09T12:00:00,2022-07-29T12:00:00,174
ef8dd6a70b7548935a3248a9,still_waters,temperature,sensor_recording,Greater Wellington Regional Council,quality_controlled_data,continuous,None,0H,degC,https://creativecommons.org/licenses/by/4.0/,Data licenced by Greater Wellington Regional Council,time_series,0.01,2012-08-07T04:30:00,2022-07-14T07:30:00,9
d7ec82677e4eb54a7b4af9bd,groundwater,oxygen_dissolved,field_activity,Greater Wellington Regional Council,quality_controlled_data,sporadic,None,0H,mg/l,https://creativecommons.org/licenses/by/4.0/,Data licenced by Greater Wellington Regional Council,time_series,0.01,2000-05-18T01:30:00,2022-06-27T00:47:00,122
b0af83c3ae5f28b9b98258bb,groundwater,temperature,sensor_recording,Greater Wellington Regional Council,quality_controlled_data,mean,24H,12H,degC,https://creativecommons.org/licenses/by/4.0/,Data licenced by Greater Wellington Regional Council,time_series,0.01,2001-06-04T12:00:00,2022-09-06T12:00:00,62
28dbded338b37761ad683da7,atmosphere,precipitation,sensor_recording,Greater Wellington Regional Council,raw_data,cumulative,None,0H,mm,https://creativecommons.org/licenses/by/4.0/,Data licenced by Greater Wellington Regional Council,time_series,0.1,2022-06-14T09:51:00,2022-08-26T21:10:00,95
f2fcc321b95327383dd441d3,waterway,temperature,sensor_recording,Greater Wellington Regional Council,quality_controlled_data,mean,24H,12H,degC,https://creativecommons.org/licenses/by/4.0/,Data licenced by Greater Wellington Regional Council,time_series,0.01,2001-04-17T12:00:00,2022-09-06T12:00:00,103
6633beeb9b233796a0adf632,waterway,turbidity,sensor_recording,Greater Wellington Regional Council,quality_controlled_data,mean,24H,12H,FNU,https://creativecommons.org/licenses/by/4.0/,Data licenced by Greater Wellington Regional Council,time_series,0.001,2014-12-31T12:00:00,2022-09-06T12:00:00,3
d83379bfb20e07dd98124775,waterway,streamflow,sensor_recording,Greater Wellington Regional Council,quality_controlled_data,mean,1H,0H,m^3/s,https://creativecommons.org/licenses/by/4.0/,Data licenced by Greater Wellington Regional Council,time_series,0.0001,1954-11-10T03:00:00,2022-07-30T09:00:00,111
b88a0368eacc057031ceb2f2,groundwater,groundwater_depth,sensor_recording,Greater Wellington Regional Council,raw_data,mean,24H,12H,m,https://creativecommons.org/licenses/by/4.0/,Data licenced by Greater Wellington Regional Council,time_series,0.001,2022-07-28T12:00:00,2022-08-26T12:00:00,73
9966597b7a3a63adf3a2dea2,groundwater,groundwater_depth,sensor_recording,Greater Wellington Regional Council,raw_data,mean,1H,0H,m,https://creativecommons.org/licenses/by/4.0/,Data licenced by Greater Wellington Regional Council,time_series,0.001,2022-07-29T08:00:00,2022-08-26T20:00:00,73
ca7b7382e3dd3ced9775705a,still_waters,nitrogen_nitrate,sample_analysis,Greater Wellington Regional Council,quality_controlled_data,sporadic,None,0H,mg/l,https://creativecommons.org/licenses/by/4.0/,Data licenced by Greater Wellington Regional Council,time_series,0.001,1998-11-10T20:47:00,2022-06-28T23:50:00,7
627404777d67ce6fbe762dec,waterway,nitrogen_nitrate,sample_analysis,Greater Wellington Regional Council,quality_controlled_data,sporadic,None,0H,mg/l,https://creativecommons.org/licenses/by/4.0/,Data licenced by Greater Wellington Regional Council,time_series,0.001,1988-10-30T22:00:00,2022-06-29T03:15:00,124
4096fecad78014babd9df03d,groundwater,nitrogen_nitrate,sample_analysis,Greater Wellington Regional Council,quality_controlled_data,sporadic,None,0H,mg/l,https://creativecommons.org/licenses/by/4.0/,Data licenced by Greater Wellington Regional Council,time_series,0.001,1974-09-11T00:00:00,2022-06-27T00:47:00,262
6f28f9d80380dd4e602fe26d,still_waters,nitrogen_nitrite,sample_analysis,Greater Wellington Regional Council,quality_controlled_data,sporadic,None,0H,mg/l,https://creativecommons.org/licenses/by/4.0/,Data licenced by Greater Wellington Regional Council,time_series,0.001,1998-11-10T20:47:00,2022-06-28T23:50:00,7
0bdd4fd9bc40d8a53fa39e00,waterway,nitrogen_nitrite,sample_analysis,Greater Wellington Regional Council,quality_controlled_data,sporadic,None,0H,mg/l,https://creativecommons.org/licenses/by/4.0/,Data licenced by Greater Wellington Regional Council,time_series,0.001,1990-10-02T21:25:00,2022-06-29T03:15:00,112
c27da8f58cd44320488d1801,groundwater,nitrogen_nitrite,sample_analysis,Greater Wellington Regional Council,quality_controlled_data,sporadic,None,0H,mg/l,https://creativecommons.org/licenses/by/4.0/,Data licenced by Greater Wellington Regional Council,time_series,0.001,1975-05-15T00:00:00,2022-06-27T00:47:00,135
b1fa499a1f2388610e18c8fe,still_waters,nitrogen_ammonia_+_ammonium,sample_analysis,Greater Wellington Regional Council,quality_controlled_data,sporadic,None,0H,mg/l,https://creativecommons.org/licenses/by/4.0/,Data licenced by Greater Wellington Regional Council,time_series,0.001,1998-11-10T20:47:00,2022-06-28T23:50:00,8
76ace86f681b0aa56d031126,waterway,nitrogen_ammonia_+_ammonium,sample_analysis,Greater Wellington Regional Council,quality_controlled_data,sporadic,None,0H,mg/l,https://creativecommons.org/licenses/by/4.0/,Data licenced by Greater Wellington Regional Council,time_series,0.001,1989-12-05T22:00:00,2022-06-29T03:15:00,126
0d6b65e179b52acbd55acf0d,groundwater,nitrogen_ammonia,sample_analysis,Greater Wellington Regional Council,quality_controlled_data,sporadic,None,0H,mg/l,https://creativecommons.org/licenses/by/4.0/,Data licenced by Greater Wellington Regional Council,time_series,0.001,1975-05-15T00:00:00,2022-06-27T00:47:00,151
e0526f497c1d560128da9ddc,still_waters,nitrogen_total,sample_analysis,Greater Wellington Regional Council,quality_controlled_data,sporadic,None,0H,mg/l,https://creativecommons.org/licenses/by/4.0/,Data licenced by Greater Wellington Regional Council,time_series,0.001,2012-07-26T22:05:00,2022-06-21T22:20:00,3
c9af90901a1e1b2ce33ad32c,waterway,nitrogen_total,sample_analysis,Greater Wellington Regional Council,quality_controlled_data,sporadic,None,0H,mg/l,https://creativecommons.org/licenses/by/4.0/,Data licenced by Greater Wellington Regional Council,time_series,0.001,2001-07-11T22:27:59,2021-06-22T23:07:00,18
cec17945995565240f4adfbb,still_waters,phosphorus_orthophosphate,sample_analysis,Greater Wellington Regional Council,quality_controlled_data,sporadic,None,0H,mg/l,https://creativecommons.org/licenses/by/4.0/,Data licenced by Greater Wellington Regional Council,time_series,0.001,1998-11-10T20:47:00,2022-06-28T23:50:00,8
568d7f1a60536924502cfb30,waterway,phosphorus_orthophosphate,sample_analysis,Greater Wellington Regional Council,quality_controlled_data,sporadic,None,0H,mg/l,https://creativecommons.org/licenses/by/4.0/,Data licenced by Greater Wellington Regional Council,time_series,0.001,1988-01-20T22:00:00,2022-06-29T03:15:00,126
c646eb3a2340f110664e79c2,groundwater,phosphorus_orthophosphate,sample_analysis,Greater Wellington Regional Council,quality_controlled_data,sporadic,None,0H,mg/l,https://creativecommons.org/licenses/by/4.0/,Data licenced by Greater Wellington Regional Council,time_series,0.001,1980-12-11T00:00:00,2022-06-27T00:47:00,131
c511f7b85316c8cb10cbab56,still_waters,phosphorus_total,sample_analysis,Greater Wellington Regional Council,quality_controlled_data,sporadic,None,0H,mg/l,https://creativecommons.org/licenses/by/4.0/,Data licenced by Greater Wellington Regional Council,time_series,0.001,1994-06-01T23:40:00,2022-06-28T23:50:00,8
bc90cd8880a55a76f5054b51,waterway,phosphorus_total,sample_analysis,Greater Wellington Regional Council,quality_controlled_data,sporadic,None,0H,mg/l,https://creativecommons.org/licenses/by/4.0/,Data licenced by Greater Wellington Regional Council,time_series,0.001,1991-11-26T23:00:00,2022-06-29T03:15:00,121
534bdabfe1f47a57fee02704,groundwater,phosphorus_total,sample_analysis,Greater Wellington Regional Council,quality_controlled_data,sporadic,None,0H,mg/l,https://creativecommons.org/licenses/by/4.0/,Data licenced by Greater Wellington Regional Council,time_series,0.001,2008-10-19T22:55:00,2009-10-19T03:01:00,13
d789f0c151e1b27e57ed675e,still_waters,electrical_conductivity,sample_analysis,Greater Wellington Regional Council,quality_controlled_data,sporadic,None,0H,mS/m,https://creativecommons.org/licenses/by/4.0/,Data licenced by Greater Wellington Regional Council,time_series,0.1,1994-06-01T23:40:00,2020-01-07T21:24:00,4
e8ef98448a4cd1df6d6c6af3,waterway,electrical_conductivity,sample_analysis,Greater Wellington Regional Council,quality_controlled_data,sporadic,None,0H,mS/m,https://creativecommons.org/licenses/by/4.0/,Data licenced by Greater Wellington Regional Council,time_series,0.1,1987-07-15T20:30:00,2019-09-26T00:19:00,82
f743444b56881be0e0c45613,groundwater,electrical_conductivity,sample_analysis,Greater Wellington Regional Council,quality_controlled_data,sporadic,None,0H,mS/m,https://creativecommons.org/licenses/by/4.0/,Data licenced by Greater Wellington Regional Council,time_series,0.1,1991-10-10T00:00:00,2022-06-27T00:47:00,110
c5016dac94a4ef1907da1ba5,still_waters,electrical_conductivity,field_activity,Greater Wellington Regional Council,quality_controlled_data,sporadic,None,0H,mS/m,https://creativecommons.org/licenses/by/4.0/,Data licenced by Greater Wellington Regional Council,time_series,0.1,1995-07-12T22:30:00,2022-06-28T23:50:00,8
f92233cd8cda449c1b1925e2,waterway,electrical_conductivity,field_activity,Greater Wellington Regional Council,quality_controlled_data,sporadic,None,0H,mS/m,https://creativecommons.org/licenses/by/4.0/,Data licenced by Greater Wellington Regional Council,time_series,0.1,1987-05-19T20:30:00,2022-06-29T03:15:00,113
9568f663d566aabb62a8e98e,groundwater,electrical_conductivity,field_activity,Greater Wellington Regional Council,quality_controlled_data,sporadic,None,0H,mS/m,https://creativecommons.org/licenses/by/4.0/,Data licenced by Greater Wellington Regional Council,time_series,0.1,1974-09-11T00:00:00,2022-06-27T00:47:00,151
58f2c00a056bbf4a311a698a,still_waters,chloride_dissolved,sample_analysis,Greater Wellington Regional Council,quality_controlled_data,sporadic,None,0H,mg/l,https://creativecommons.org/licenses/by/4.0/,Data licenced by Greater Wellington Regional Council,time_series,0.001,1994-06-01T23:40:00,1998-05-18T02:10:00,4
b8ef4c75912ebf5e2fab09d8,groundwater,chloride_dissolved,sample_analysis,Greater Wellington Regional Council,quality_controlled_data,sporadic,None,0H,mg/l,https://creativecommons.org/licenses/by/4.0/,Data licenced by Greater Wellington Regional Council,time_series,0.001,1974-09-11T00:00:00,2022-06-27T00:47:00,129
d137a6001cb5dd8d964f5257,still_waters,coliform_fecal,sample_analysis,Greater Wellington Regional Council,quality_controlled_data,sporadic,None,0H,cfu/100ml,https://creativecommons.org/licenses/by/4.0/,Data licenced by Greater Wellington Regional Council,time_series,1.0,1997-04-09T22:45:00,2012-05-29T21:45:00,5
45ae9231e498bc1b9101c276,waterway,coliform_fecal,sample_analysis,Greater Wellington Regional Council,quality_controlled_data,sporadic,None,0H,cfu/100ml,https://creativecommons.org/licenses/by/4.0/,Data licenced by Greater Wellington Regional Council,time_series,1.0,1985-11-05T22:00:00,2022-08-16T01:09:00,117
a98ab698531a59ee4e6462ee,groundwater,coliform_fecal,sample_analysis,Greater Wellington Regional Council,quality_controlled_data,sporadic,None,0H,cfu/100ml,https://creativecommons.org/licenses/by/4.0/,Data licenced by Greater Wellington Regional Council,time_series,1.0,1993-05-11T12:00:00,2020-06-24T02:02:00,113
a88f429abf07779b09cc2d8d,groundwater,coliform_total,sample_analysis,Greater Wellington Regional Council,quality_controlled_data,sporadic,None,0H,number/100ml,https://creativecommons.org/licenses/by/4.0/,Data licenced by Greater Wellington Regional Council,time_series,1.0,1993-05-11T12:00:00,2003-06-25T03:00:00,46
0c3a5cfcd0ee55d2b171d9d9,still_waters,e-coli,sample_analysis,Greater Wellington Regional Council,quality_controlled_data,sporadic,None,0H,MPN/100ml,https://creativecommons.org/licenses/by/4.0/,Data licenced by Greater Wellington Regional Council,time_series,1.0,2002-01-22T22:07:00,2012-05-29T21:45:00,5
97cc7315cd4e2461f0cf0b74,waterway,e-coli,sample_analysis,Greater Wellington Regional Council,quality_controlled_data,sporadic,None,0H,MPN/100ml,https://creativecommons.org/licenses/by/4.0/,Data licenced by Greater Wellington Regional Council,time_series,1.0,1994-08-09T01:00:00,2143-11-01T07:24:00,141
df72cd77c0bb8accfd2d09f7,groundwater,e-coli,sample_analysis,Greater Wellington Regional Council,quality_controlled_data,sporadic,None,0H,MPN/100ml,https://creativecommons.org/licenses/by/4.0/,Data licenced by Greater Wellington Regional Council,time_series,1.0,2003-01-16T00:00:00,2022-06-27T00:47:00,117
f98dfaefbc15f045f900e4b9,groundwater,groundwater_depth,sensor_recording,Environment Canterbury,quality_controlled_data,mean,1H,0H,m,https://creativecommons.org/licenses/by/4.0/,Data licenced by Environment Canterbury,time_series,0.001,1950-06-13T01:00:00,2021-04-06T11:00:00,606
c3a09c8a5da175897916e8e8,atmosphere,precipitation,sensor_recording,Environment Canterbury,raw_data,cumulative,1H,0H,mm,https://creativecommons.org/licenses/by/4.0/,Data licenced by Environment Canterbury,time_series,0.1,2022-04-20T22:00:00,2022-09-07T22:00:00,65
027b6fcae096f053c44c4b4e,waterway,streamflow,sensor_recording,Environment Canterbury,quality_controlled_data,mean,1H,0H,m^3/s,https://creativecommons.org/licenses/by/4.0/,Data licenced by Environment Canterbury,time_series,0.0001,1956-09-23T13:00:00,2021-04-11T12:00:00,261
4297b060aa49016530779246,waterway,gage_height,sensor_recording,Environment Canterbury,raw_data,mean,1H,0H,m,https://creativecommons.org/licenses/by/4.0/,Data licenced by Environment Canterbury,time_series,0.001,2022-04-20T23:00:00,2022-09-08T02:00:00,6
8d4afa6c8e82d91b81879c12,waterway,streamflow,sensor_recording,Environment Canterbury,raw_data,mean,1H,0H,m^3/s,https://creativecommons.org/licenses/by/4.0/,Data licenced by Environment Canterbury,time_series,0.0001,2022-04-20T23:00:00,2022-09-07T11:00:00,49
73ab8b02fc65686636eb6d0b,waterway,temperature,sensor_recording,Environment Canterbury,quality_controlled_data,mean,1H,0H,degC,https://creativecommons.org/licenses/by/4.0/,Data licenced by Environment Canterbury,time_series,0.01,2008-04-30T04:00:00,2021-04-11T12:00:00,332
0e226a57bae2be0650bdabec,waterway,streamflow,field_activity,Environment Canterbury,quality_controlled_data,sporadic,None,0H,m^3/s,https://creativecommons.org/licenses/by/4.0/,Data licensed by Environment Canterbury,time_series,0.0001,1900-01-01T00:00:00,2020-10-21T22:39:00,3688
28c882961c40d5cc3fc6f563,still_waters,gage_height,sensor_recording,Environment Canterbury,quality_controlled_data,mean,1H,0H,m,https://creativecommons.org/licenses/by/4.0/,Data licensed by Environment Canterbury,time_series,0.001,1938-01-30T21:00:00,2020-10-01T23:00:00,6
4f5945540c2391967b550cc6,atmosphere,precipitation,sensor_recording,Environment Canterbury,quality_controlled_data,cumulative,1H,0H,mm,https://creativecommons.org/licenses/by/4.0/,Data licenced by Environment Canterbury,time_series,0.1,1882-08-17T21:00:00,2021-04-11T12:00:00,121
799329b9023c9d9980abd1f6,waterway,gage_height,sensor_recording,Environment Canterbury,quality_controlled_data,mean,1H,0H,m,https://creativecommons.org/licenses/by/4.0/,Data licenced by Environment Canterbury,time_series,0.001,1935-07-26T04:00:00,2021-04-11T12:00:00,290
3a391757dd73505fd78f731d,waterway,gage_height,field_activity,Environment Canterbury,quality_controlled_data,sporadic,None,0H,m,https://creativecommons.org/licenses/by/4.0/,Data licensed by Environment Canterbury,time_series,0.001,1900-01-01T00:00:00,2020-10-21T01:46:00,2434
985cf4d5db8849b4447fb586,atmosphere,temperature,sensor_recording,Environment Canterbury,raw_data,mean,1H,0H,degC,https://creativecommons.org/licenses/by/4.0/,Data licenced by Environment Canterbury,time_series,0.01,2022-05-08T12:00:00,2022-09-07T21:00:00,10
040238562416c4a672fbaf8b,atmosphere,wind_direction,sensor_recording,Environment Canterbury,raw_data,instantaneous,10min,0H,m/s,https://creativecommons.org/licenses/by/4.0/,Data licenced by Environment Canterbury,time_series,0.1,2022-05-08T12:10:00,2022-09-07T21:50:00,9
1e3ca5e93e49664c42d92f7b,atmosphere,wind_speed,sensor_recording,Environment Canterbury,raw_data,instantaneous,10min,0H,m/s,https://creativecommons.org/licenses/by/4.0/,Data licenced by Environment Canterbury,time_series,0.01,2022-05-08T12:10:00,2022-09-07T21:50:00,9
58a48a401972f853b139697e,atmosphere,temperature,sensor_recording,Environment Canterbury,raw_data,instantaneous,10min,0H,degC,https://creativecommons.org/licenses/by/4.0/,Data licenced by Environment Canterbury,time_series,0.01,2022-05-08T12:10:00,2022-09-07T21:50:00,10
803a3a2ed6b3b879705d0c11,atmosphere,particulate_matter_10,sensor_recording,Environment Canterbury,raw_data,instantaneous,10min,0H,ug/m^3,https://creativecommons.org/licenses/by/4.0/,Data licenced by Environment Canterbury,time_series,0.01,2022-05-08T12:10:00,2022-09-07T21:50:00,9
34efca3935f22fa8b572ca53,atmosphere,particulate_matter_10,sensor_recording,Environment Canterbury,raw_data,mean,1H,0H,ug/m^3,https://creativecommons.org/licenses/by/4.0/,Data licenced by Environment Canterbury,time_series,0.01,2022-05-08T12:00:00,2022-09-07T21:00:00,9
f38efec43206c243ada6770e,atmosphere,wind_direction,sensor_recording,Environment Canterbury,raw_data,mean,1H,0H,m/s,https://creativecommons.org/licenses/by/4.0/,Data licenced by Environment Canterbury,time_series,0.1,2022-05-08T12:00:00,2022-09-07T21:00:00,9
6c2af1936b666d3572c28f2a,atmosphere,particulate_matter_2.5,sensor_recording,Environment Canterbury,raw_data,mean,1H,0H,ug/m^3,https://creativecommons.org/licenses/by/4.0/,Data licenced by Environment Canterbury,time_series,0.01,2022-05-08T12:00:00,2022-09-07T21:00:00,9
ef738a24e614c7848565ec81,atmosphere,particulate_matter_2.5,sensor_recording,Environment Canterbury,raw_data,instantaneous,10min,0H,ug/m^3,https://creativecommons.org/licenses/by/4.0/,Data licenced by Environment Canterbury,time_series,0.01,2022-05-08T12:10:00,2022-09-07T21:50:00,9
e25fd5cdb3a72dfb6a0bdd21,atmosphere,wind_speed,sensor_recording,Environment Canterbury,raw_data,mean,1H,0H,m/s,https://creativecommons.org/licenses/by/4.0/,Data licenced by Environment Canterbury,time_series,0.01,2022-05-08T12:00:00,2022-09-07T21:00:00,9
6840b558bd7288fe4d241f6c,groundwater,groundwater_depth,field_activity,Environment Canterbury,quality_controlled_data,sporadic,None,0H,m,https://creativecommons.org/licenses/by/4.0/,Data licenced by Environment Southland,time_series,0.001,1894-04-09T12:00:00,2020-08-26T05:31:59,9664
0da68288091656fc04642a35,waterway,streamflow,sensor_recording,Environment Canterbury,raw_data,continuous,None,0H,m^3/s,https://creativecommons.org/licenses/by/4.0/,Data licenced by Environment Canterbury,time_series,0.0001,2022-05-14T15:30:00,2022-09-07T12:00:00,49
fe4b56654cddedcd46e98791,atmosphere,precipitation,sensor_recording,Environment Canterbury,raw_data,cumulative,None,0H,mm,https://creativecommons.org/licenses/by/4.0/,Data licenced by Environment Canterbury,time_series,0.1,2022-05-24T02:45:00,2022-09-07T22:30:00,65
2b70dc3567d6203d4e175f36,waterway,streamflow,sensor_recording,Environment Canterbury,raw_data,mean,24H,12H,m^3/s,https://creativecommons.org/licenses/by/4.0/,Data licenced by Environment Canterbury,time_series,0.0001,2022-05-14T12:00:00,2022-09-06T12:00:00,49
b5d84aa773de2a747079c127,atmosphere,precipitation,sensor_recording,Environment Canterbury,raw_data,cumulative,24H,12H,mm,https://creativecommons.org/licenses/by/4.0/,Data licenced by Environment Canterbury,time_series,0.1,2022-05-23T12:00:00,2022-09-07T12:00:00,65
5ea28ce74c1ef5a2e25e09d3,groundwater,gage_height,sensor_recording,Environment Canterbury,raw_data,mean,1H,0H,m,https://creativecommons.org/licenses/by/4.0/,Data licenced by Environment Canterbury,time_series,0.001,2022-05-23T12:00:00,2022-09-07T11:00:00,72
aa26aec8a406785e9e933942,groundwater,gage_height,sensor_recording,Environment Canterbury,raw_data,mean,24H,12H,m,https://creativecommons.org/licenses/by/4.0/,Data licenced by Environment Canterbury,time_series,0.001,2022-05-23T12:00:00,2022-09-06T12:00:00,72
63ec04340e3e06447196c47b,still_waters,nitrogen_nitrate,sample_analysis,Environment Canterbury,quality_controlled_data,sporadic,None,0H,mg/l,https://creativecommons.org/licenses/by/4.0/,Data licenced by Environment Canterbury,time_series,0.001,1974-07-24T01:15:00,2022-06-29T01:50:00,59
394d76712e979334514cfcbf,waterway,nitrogen_nitrate,sample_analysis,Environment Canterbury,quality_controlled_data,sporadic,None,0H,mg/l,https://creativecommons.org/licenses/by/4.0/,Data licenced by Environment Canterbury,time_series,0.001,1971-10-26T23:30:00,2022-07-20T23:26:00,414
443d480c4ba183189edf1a0b,groundwater,nitrogen_nitrate,sample_analysis,Environment Canterbury,quality_controlled_data,sporadic,None,0H,mg/l,https://creativecommons.org/licenses/by/4.0/,Data licenced by Environment Canterbury,time_series,0.001,1954-01-24T12:00:00,2022-07-28T01:11:00,1230
bcc3cbd59dc125c099802952,still_waters,chloride_dissolved,sample_analysis,Environment Canterbury,quality_controlled_data,sporadic,None,0H,mg/l,https://creativecommons.org/licenses/by/4.0/,Data licenced by Environment Canterbury,time_series,0.001,1974-07-24T01:15:00,2022-06-29T01:50:00,42
bad0248eab71c5bdfa75339b,waterway,chloride_dissolved,sample_analysis,Environment Canterbury,quality_controlled_data,sporadic,None,0H,mg/l,https://creativecommons.org/licenses/by/4.0/,Data licenced by Environment Canterbury,time_series,0.001,1971-10-27T02:00:00,2022-04-12T23:15:00,213
a44f37214520c43282203a7f,groundwater,chloride_dissolved,sample_analysis,Environment Canterbury,quality_controlled_data,sporadic,None,0H,mg/l,https://creativecommons.org/licenses/by/4.0/,Data licenced by Environment Canterbury,time_series,0.001,1954-01-24T12:00:00,2022-07-28T01:11:00,1127
b020eb2aa654e3a499b741fa,still_waters,electrical_conductivity,sample_analysis,Environment Canterbury,quality_controlled_data,sporadic,None,0H,mS/m,https://creativecommons.org/licenses/by/4.0/,Data licenced by Environment Canterbury,time_series,0.1,1978-12-12T00:15:00,2022-06-29T01:50:00,93
e34546c48205a805b60a1142,waterway,electrical_conductivity,sample_analysis,Environment Canterbury,quality_controlled_data,sporadic,None,0H,mS/m,https://creativecommons.org/licenses/by/4.0/,Data licenced by Environment Canterbury,time_series,0.1,1974-03-26T00:40:00,2022-04-12T23:15:00,928
511b80cb56675cc0a84e5088,groundwater,electrical_conductivity,sample_analysis,Environment Canterbury,quality_controlled_data,sporadic,None,0H,mS/m,https://creativecommons.org/licenses/by/4.0/,Data licenced by Environment Canterbury,time_series,0.1,1976-10-12T12:00:00,2022-07-28T01:11:00,1139
5383947fccc6fb4002c0211f,still_waters,phosphorus_orthophosphate_dissolved,sample_analysis,Environment Canterbury,quality_controlled_data,sporadic,None,0H,mg/l,https://creativecommons.org/licenses/by/4.0/,Data licenced by Environment Canterbury,time_series,0.001,1974-07-24T01:15:00,2022-07-21T20:42:00,125
a181eefa18796724919fa91a,waterway,phosphorus_orthophosphate_dissolved,sample_analysis,Environment Canterbury,quality_controlled_data,sporadic,None,0H,mg/l,https://creativecommons.org/licenses/by/4.0/,Data licenced by Environment Canterbury,time_series,0.001,1971-10-26T23:30:00,2022-07-21T23:46:00,1299
7054165095d41d73e7457c7d,groundwater,phosphorus_orthophosphate_dissolved,sample_analysis,Environment Canterbury,quality_controlled_data,sporadic,None,0H,mg/l,https://creativecommons.org/licenses/by/4.0/,Data licenced by Environment Canterbury,time_series,0.001,1973-07-16T12:00:00,2022-07-25T01:45:00,548
735b5c631b2b988083e2a510,still_waters,phosphorus_total,sample_analysis,Environment Canterbury,quality_controlled_data,sporadic,None,0H,mg/l,https://creativecommons.org/licenses/by/4.0/,Data licenced by Environment Canterbury,time_series,0.001,1974-07-24T01:15:00,2022-07-21T20:42:00,119
7633fddb56b473118a2aa671,waterway,phosphorus_total,sample_analysis,Environment Canterbury,quality_controlled_data,sporadic,None,0H,mg/l,https://creativecommons.org/licenses/by/4.0/,Data licenced by Environment Canterbury,time_series,0.001,1971-10-26T23:30:00,2022-07-21T23:46:00,1253
99f39a4e806440739d1536d4,groundwater,phosphorus_total,sample_analysis,Environment Canterbury,quality_controlled_data,sporadic,None,0H,mg/l,https://creativecommons.org/licenses/by/4.0/,Data licenced by Environment Canterbury,time_series,0.001,1975-02-03T12:00:00,2022-06-29T02:05:00,100
f604b8cd68b07a3a82fd734f,still_waters,coliform_fecal,sample_analysis,Environment Canterbury,quality_controlled_data,sporadic,None,0H,cfu/100ml,https://creativecommons.org/licenses/by/4.0/,Data licenced by Environment Canterbury,time_series,1.0,1975-02-04T01:30:00,2007-06-12T23:15:00,59
8d9e52df9c5ed23ffa02dcfb,waterway,coliform_fecal,sample_analysis,Environment Canterbury,quality_controlled_data,sporadic,None,0H,cfu/100ml,https://creativecommons.org/licenses/by/4.0/,Data licenced by Environment Canterbury,time_series,1.0,1916-10-27T23:45:00,2022-06-03T03:20:00,1268
7b14f1a8da99320088d1ddaa,groundwater,coliform_fecal,sample_analysis,Environment Canterbury,quality_controlled_data,sporadic,None,0H,cfu/100ml,https://creativecommons.org/licenses/by/4.0/,Data licenced by Environment Canterbury,time_series,1.0,1966-08-07T12:00:00,2016-11-08T00:05:00,528
4657fabd1d6bc9c62130a6fb,still_waters,coliform_total,sample_analysis,Environment Canterbury,quality_controlled_data,sporadic,None,0H,number/100ml,https://creativecommons.org/licenses/by/4.0/,Data licenced by Environment Canterbury,time_series,1.0,1974-03-25T23:10:00,2022-06-29T01:50:00,6
68403bee8ff967af217ccade,waterway,coliform_total,sample_analysis,Environment Canterbury,quality_controlled_data,sporadic,None,0H,number/100ml,https://creativecommons.org/licenses/by/4.0/,Data licenced by Environment Canterbury,time_series,1.0,1936-07-08T02:35:00,2022-04-12T23:15:00,201
d026d3e0620d2570485991b2,groundwater,coliform_total,sample_analysis,Environment Canterbury,quality_controlled_data,sporadic,None,0H,number/100ml,https://creativecommons.org/licenses/by/4.0/,Data licenced by Environment Canterbury,time_series,1.0,1954-01-24T12:00:00,2022-07-28T01:11:00,821
b4d2508877034741c466cdb1,still_waters,e-coli,sample_analysis,Environment Canterbury,quality_controlled_data,sporadic,None,0H,MPN/100ml,https://creativecommons.org/licenses/by/4.0/,Data licenced by Environment Canterbury,time_series,1.0,1974-03-25T23:10:00,2022-07-21T20:42:00,85
6ce1918cb240383dd1ae31b3,waterway,e-coli,sample_analysis,Environment Canterbury,quality_controlled_data,sporadic,None,0H,MPN/100ml,https://creativecommons.org/licenses/by/4.0/,Data licenced by Environment Canterbury,time_series,1.0,1973-03-11T01:35:00,2022-07-21T23:46:00,1133
72060b3ae96eaaa95594c121,groundwater,e-coli,sample_analysis,Environment Canterbury,quality_controlled_data,sporadic,None,0H,MPN/100ml,https://creativecommons.org/licenses/by/4.0/,Data licenced by Environment Canterbury,time_series,1.0,1995-05-22T02:30:00,2022-07-28T01:11:00,649
3538987b63dd311e526d0a81,groundwater,oxygen_dissolved,field_activity,Environment Canterbury,quality_controlled_data,sporadic,None,0H,mg/l,https://creativecommons.org/licenses/by/4.0/,Data licenced by Environment Canterbury,time_series,0.01,1958-03-31T16:39:00,2022-07-28T01:11:00,707
f76c4b04b23bdbbdc7398d1d,waterway,oxygen_dissolved,field_activity,Environment Canterbury,quality_controlled_data,sporadic,None,0H,mg/l,https://creativecommons.org/licenses/by/4.0/,Data licenced by Environment Canterbury,time_series,0.01,1954-02-22T23:30:00,2022-07-21T23:46:00,1475
372be99f330000d01acc86b9,still_waters,oxygen_dissolved,field_activity,Environment Canterbury,quality_controlled_data,sporadic,None,0H,mg/l,https://creativecommons.org/licenses/by/4.0/,Data licenced by Environment Canterbury,time_series,0.01,1974-07-24T01:15:00,2022-07-21T20:42:00,102
f16774ea29f024a306c7fc7a,waterway,gage_height,sensor_recording,Environment Canterbury,raw_data,mean,24H,12H,m,https://creativecommons.org/licenses/by/4.0/,Data licenced by Environment Canterbury,time_series,0.001,2022-07-28T12:00:00,2022-09-06T12:00:00,5
9e8f5e39d21dc882c1a57678,waterway,gage_height,sensor_recording,Environment Canterbury,raw_data,continuous,None,0H,m,https://creativecommons.org/licenses/by/4.0/,Data licenced by Environment Canterbury,time_series,0.001,2022-07-29T06:30:00,2022-09-07T12:00:00,5
dd2a6221a32ba69bc1ee3e4f,waterway,naturalised_streamflow,simulation,Environment Southland,estimation method 1,mean,24H,12H,m^3,https://creativecommons.org/licenses/by/4.0/,Data licenced by Environment Southland,time_series,0.001,1951-01-15T12:00:00,2022-06-29T12:00:00,245
269eda15b277ffd824c223fc,waterway,streamflow,sensor_recording,Environment Southland,quality_controlled_data,mean,1H,0H,m^3/s,https://creativecommons.org/licenses/by/4.0/,Data licenced by Environment Southland,time_series,0.0001,1951-01-16T04:00:00,2022-09-03T19:00:00,73
a6a4559d9c51956f2d759d43,waterway,gage_height,sensor_recording,Environment Southland,quality_controlled_data,mean,1H,0H,m,https://creativecommons.org/licenses/by/4.0/,Data licenced by Environment Southland,time_series,0.001,1951-01-16T04:00:00,2022-09-03T17:00:00,93
6b846665ae3335d0039d9a50,waterway,gage_height,sensor_recording,Environment Southland,quality_controlled_data,mean,24H,12H,m,https://creativecommons.org/licenses/by/4.0/,Data licenced by Environment Southland,time_series,0.001,1951-01-15T12:00:00,2022-09-03T12:00:00,94
10456b32c1eb6f20339d16b4,atmosphere,precipitation,sensor_recording,Environment Southland,quality_controlled_data,cumulative,24H,12H,mm,https://creativecommons.org/licenses/by/4.0/,Data licenced by Environment Southland,time_series,0.1,1956-12-30T12:00:00,2022-08-13T12:00:00,117
fde8d7496cb5cda74b8bbe8d,waterway,water_use,simulation,Environment Southland,stream depletion method 1,mean,24H,12H,m^3,https://creativecommons.org/licenses/by/4.0/,Data licenced by Environment Southland,time_series,0.1,1951-01-15T12:00:00,2022-06-29T12:00:00,245
ac6e242653bbdcb4ff73dc18,atmosphere,precipitation,sensor_recording,Environment Southland,quality_controlled_data,cumulative,1H,0H,mm,https://creativecommons.org/licenses/by/4.0/,Data licenced by Environment Southland,time_series,0.1,1964-01-01T11:00:00,2022-08-13T22:00:00,57
61485ab65fc040161e36070b,atmosphere,precipitation,sensor_recording,Environment Southland,quality_controlled_data,cumulative,None,0H,mm,https://creativecommons.org/licenses/by/4.0/,Data licenced by Environment Southland,time_series,0.1,1956-12-31T12:00:00,2022-08-13T22:09:59,117
609ba10d2271c5a18b1c5103,waterway,allocation,simulation,Environment Southland,stream depletion allocation method 1,mean,24H,12H,m^3,https://creativecommons.org/licenses/by/4.0/,Data licenced by Environment Southland,time_series,0.1,1951-01-15T12:00:00,2022-06-29T12:00:00,245
8120cbf5f9e694899fbcb435,waterway,streamflow,simulation,Environment Southland,log-log linear regression,mean,24H,12H,m^3,https://creativecommons.org/licenses/by/4.0/,Data licenced by Environment Southland,time_series,0.001,1951-01-15T12:00:00,2022-07-20T12:00:00,176
535535c2ae6ca4f44949d8ac,waterway,streamflow,field_activity,Environment Southland,quality_controlled_data,sporadic,None,0H,m^3/s,https://creativecommons.org/licenses/by/4.0/,Data licenced by Environment Southland,time_series,0.0001,1953-09-03T04:00:00,2022-09-01T01:25:59,570
6c848076f9825bf0eb59a4f2,waterway,streamflow,sensor_recording,Environment Southland,quality_controlled_data,continuous,None,0H,m^3/s,https://creativecommons.org/licenses/by/4.0/,Data licenced by Environment Southland,time_series,0.0001,1951-01-16T04:00:00,2022-09-03T19:20:00,73
4ae05d099af292fec48792ec,waterway,streamflow,sensor_recording,Environment Southland,quality_controlled_data,mean,24H,12H,m^3/s,https://creativecommons.org/licenses/by/4.0/,Data licenced by Environment Southland,time_series,0.0001,1951-01-15T12:00:00,2022-09-03T12:00:00,73
7abf077e3c913df9d6cb9583,waterway,gage_height,sensor_recording,Environment Southland,quality_controlled_data,continuous,None,0H,m,https://creativecommons.org/licenses/by/4.0/,Data licenced by Environment Southland,time_series,0.001,1951-01-16T04:00:00,2022-09-03T17:20:00,94
11edd2edbc10c4f51e71cdd6,waterway,gage_height,field_activity,Environment Southland,quality_controlled_data,sporadic,None,0H,mm,https://creativecommons.org/licenses/by/4.0/,Data licenced by Environment Southland,time_series,0.001,1953-09-03T04:00:00,2022-08-03T23:26:00,478
a66a69063e43457e905de6a8,waterway,velocity,field_activity,Environment Southland,quality_controlled_data,sporadic,None,0H,m/s,https://creativecommons.org/licenses/by/4.0/,Data licenced by Environment Southland,time_series,0.001,1953-09-03T04:00:00,2022-08-03T23:26:00,478
c5a28100f21af7c3f97f435a,groundwater,water_level,sensor_recording,Environment Southland,quality_controlled_data,mean,24H,12H,m,https://creativecommons.org/licenses/by/4.0/,Data licenced by Environment Southland,time_series,0.001,1979-12-17T12:00:00,2022-09-03T12:00:00,32
ef79659d4175c6d70d748b5e,groundwater,water_level,sensor_recording,Environment Southland,quality_controlled_data,mean,1H,0H,m,https://creativecommons.org/licenses/by/4.0/,Data licenced by Environment Southland,time_series,0.001,1979-12-17T23:00:00,2022-09-03T16:00:00,32
936a8ac83264502c0d388001,waterway,oxygen_dissolved,sensor_recording,Horizons Regional Council,quality_controlled_data,mean,24H,12H,mg/l,https://creativecommons.org/licenses/by/4.0/,Data licenced by Horizons Regional Council,time_series,0.01,2013-02-03T12:00:00,2022-07-30T12:00:00,3
0e6c09f32e0394deac5ce99b,waterway,turbidity,sensor_recording,Horizons Regional Council,quality_controlled_data,mean,24H,12H,FNU,https://creativecommons.org/licenses/by/4.0/,Data licenced by Horizons Regional Council,time_series,0.001,2010-06-08T12:00:00,2022-07-30T12:00:00,23
37cd93b95cacde6c8496c438,waterway,gage_height,sensor_recording,Horizons Regional Council,quality_controlled_data,mean,1H,0H,m,https://creativecommons.org/licenses/by/4.0/,Data licenced by Horizons Regional Council,time_series,0.001,1972-12-30T17:00:00,2022-07-30T08:00:00,199
90006c8dcf47ed6799fe764b,groundwater,groundwater_depth,sensor_recording,Horizons Regional Council,raw_data,mean,24H,12H,m,https://creativecommons.org/licenses/by/4.0/,Data licenced by Horizons Regional Council,time_series,0.001,2022-06-12T12:00:00,2022-07-11T12:00:00,32
fc219e06d4c26d4f48c65ed5,atmosphere,precipitation,sensor_recording,Horizons Regional Council,raw_data,cumulative,1H,0H,mm,https://creativecommons.org/licenses/by/4.0/,Data licenced by Horizons Regional Council,time_series,0.1,2022-06-21T16:00:00,2022-07-11T21:00:00,15
a4846515397b22d824d9fc29,waterway,temperature,sensor_recording,Horizons Regional Council,quality_controlled_data,mean,1H,0H,degC,https://creativecommons.org/licenses/by/4.0/,Data licenced by Horizons Regional Council,time_series,0.01,1977-02-06T18:00:00,2022-07-30T23:00:00,101
8b078e648cc8d61a67c2a5d9,waterway,temperature,sensor_recording,Horizons Regional Council,quality_controlled_data,continuous,None,0H,degC,https://creativecommons.org/licenses/by/4.0/,Data licenced by Horizons Regional Council,time_series,0.01,1977-02-06T18:56:00,2022-07-14T05:15:00,92
1b8bf38bc7b57ec7d6cc1eff,waterway,streamflow,field_activity,Horizons Regional Council,quality_controlled_data,sporadic,None,0H,m^3/s,https://creativecommons.org/licenses/by/4.0/,Data licenced by Horizons Regional Council,time_series,0.0001,1952-02-20T00:30:00,2022-06-20T22:09:59,552
4b145792cb8a77e9b1653efa,waterway,oxygen_dissolved,field_activity,Horizons Regional Council,quality_controlled_data,sporadic,None,0H,mg/l,https://creativecommons.org/licenses/by/4.0/,Data licenced by Horizons Regional Council,time_series,0.01,1989-04-11T21:40:00,2021-06-27T04:20:00,258
195a28e73dd02d311842cc88,waterway,velocity,field_activity,Horizons Regional Council,quality_controlled_data,sporadic,None,0H,m/s,https://creativecommons.org/licenses/by/4.0/,Data licenced by Horizons Regional Council,time_series,0.001,1952-02-20T00:30:00,2022-06-20T22:09:59,548
2fbe50184ebc073ad8c9b93a,waterway,nitrogen_nitrate,sensor_recording,Horizons Regional Council,quality_controlled_data,mean,24H,12H,mg/l,https://creativecommons.org/licenses/by/4.0/,Data licenced by Horizons Regional Council,time_series,0.001,2021-12-19T12:00:00,2022-07-30T12:00:00,2
958b2afef34154bcfa423185,waterway,turbidity,field_activity,Horizons Regional Council,quality_controlled_data,sporadic,None,0H,NTU,https://creativecommons.org/licenses/by/4.0/,Data licenced by Horizons Regional Council,time_series,0.01,1989-09-26T21:18:00,2021-06-29T01:45:00,219
e4fe750041a69b8481f18a8d,waterway,streamflow,sensor_recording,Horizons Regional Council,quality_controlled_data,continuous,None,0H,m^3/s,https://creativecommons.org/licenses/by/4.0/,Data licenced by Horizons Regional Council,time_series,0.0001,1972-12-30T14:00:00,2022-07-14T00:45:00,140
077f21d1d8b873e2191a27e9,still_waters,temperature,sensor_recording,Horizons Regional Council,quality_controlled_data,continuous,None,0H,degC,https://creativecommons.org/licenses/by/4.0/,Data licenced by Horizons Regional Council,time_series,0.01,2018-12-31T12:00:00,2022-07-14T05:00:00,2
cbfd389d52b904172dab35ae,waterway,gage_height,sensor_recording,Horizons Regional Council,raw_data,mean,24H,12H,m,https://creativecommons.org/licenses/by/4.0/,Data licenced by Horizons Regional Council,time_series,0.001,2022-06-12T12:00:00,2022-07-11T12:00:00,110
62cf0e9a5b8d0a6a9863bd06,waterway,gage_height,field_activity,Horizons Regional Council,quality_controlled_data,sporadic,None,0H,mm,https://creativecommons.org/licenses/by/4.0/,Data licenced by Horizons Regional Council,time_series,0.001,1952-02-20T00:30:00,2022-06-20T22:09:59,535
2f6610241fa82d9e80c915c2,waterway,streamflow,sensor_recording,Horizons Regional Council,raw_data,mean,24H,12H,m^3/s,https://creativecommons.org/licenses/by/4.0/,Data licenced by Horizons Regional Council,time_series,0.0001,2022-06-12T12:00:00,2022-07-11T12:00:00,77
9a4f6a511a597ea6af8bbd9e,groundwater,water_level,field_activity,Horizons Regional Council,quality_controlled_data,sporadic,None,0H,m,https://creativecommons.org/licenses/by/4.0/,Data licenced by Horizons Regional Council,time_series,0.001,1990-07-05T02:25:00,2022-07-30T07:30:00,211
02b86c41b29cbc055f6796ef,waterway,oxygen_dissolved,sensor_recording,Horizons Regional Council,quality_controlled_data,continuous,None,0H,mg/l,https://creativecommons.org/licenses/by/4.0/,Data licenced by Horizons Regional Council,time_series,0.01,2019-02-19T00:00:00,2022-07-14T05:00:00,1
ce6f0cea34ee777c5fea5dae,still_waters,turbidity,field_activity,Horizons Regional Council,quality_controlled_data,sporadic,None,0H,NTU,https://creativecommons.org/licenses/by/4.0/,Data licenced by Horizons Regional Council,time_series,0.01,1991-11-06T12:00:00,2021-06-02T22:33:00,7
5e3959d37130aa7a9117dcb8,waterway,gage_height,sensor_recording,Horizons Regional Council,raw_data,continuous,None,0H,m,https://creativecommons.org/licenses/by/4.0/,Data licenced by Horizons Regional Council,time_series,0.001,2022-06-13T11:30:00,2022-07-11T21:15:00,110
f91334885e9a0eccf28c1f7c,waterway,oxygen_dissolved,sensor_recording,Horizons Regional Council,quality_controlled_data,mean,1H,0H,mg/l,https://creativecommons.org/licenses/by/4.0/,Data licenced by Horizons Regional Council,time_series,0.01,2013-02-03T23:00:00,2022-07-30T23:00:00,3
9b220417ff6188fa893853d4,atmosphere,precipitation,sensor_recording,Horizons Regional Council,quality_controlled_data,cumulative,24H,12H,mm,https://creativecommons.org/licenses/by/4.0/,Data licenced by Horizons Regional Council,time_series,0.1,1972-07-29T12:00:00,2022-07-30T12:00:00,144
3024e52dc47411c7a9929583,atmosphere,precipitation,sensor_recording,Horizons Regional Council,quality_controlled_data,cumulative,1H,0H,mm,https://creativecommons.org/licenses/by/4.0/,Data licenced by Horizons Regional Council,time_series,0.1,1972-07-30T11:00:00,2022-07-31T04:00:00,107
a0c3a79a263f198e7412e485,groundwater,temperature,sensor_recording,Horizons Regional Council,quality_controlled_data,mean,1H,0H,degC,https://creativecommons.org/licenses/by/4.0/,Data licenced by Horizons Regional Council,time_series,0.01,2018-12-31T12:00:00,2022-07-31T00:00:00,6
843d3ac1c1159817dcf64343,atmosphere,precipitation,sensor_recording,Horizons Regional Council,raw_data,cumulative,24H,12H,mm,https://creativecommons.org/licenses/by/4.0/,Data licenced by Horizons Regional Council,time_series,0.1,2022-06-21T12:00:00,2022-07-11T12:00:00,15
702b916b7fcf48962e014509,waterway,nitrogen_nitrate,sensor_recording,Horizons Regional Council,quality_controlled_data,continuous,None,0H,mg/l,https://creativecommons.org/licenses/by/4.0/,Data licenced by Horizons Regional Council,time_series,0.001,2021-12-20T02:15:00,2022-07-14T05:00:00,2
3a63c085502d18021f364185,waterway,streamflow,sensor_recording,Horizons Regional Council,raw_data,continuous,None,0H,m^3/s,https://creativecommons.org/licenses/by/4.0/,Data licenced by Horizons Regional Council,time_series,0.0001,2022-06-13T11:30:00,2022-07-11T21:15:00,77
8d42e8761b0c542c4de20dee,waterway,nitrogen_nitrate,sensor_recording,Horizons Regional Council,quality_controlled_data,mean,1H,0H,mg/l,https://creativecommons.org/licenses/by/4.0/,Data licenced by Horizons Regional Council,time_series,0.001,2021-12-20T02:00:00,2022-07-30T23:00:00,2
6a3198179298a13bf3c4fd20,waterway,temperature,sensor_recording,Horizons Regional Council,quality_controlled_data,mean,24H,12H,degC,https://creativecommons.org/licenses/by/4.0/,Data licenced by Horizons Regional Council,time_series,0.01,1977-02-06T12:00:00,2022-07-30T12:00:00,101
7499a7735e346a16dfeae13e,waterway,streamflow,sensor_recording,Horizons Regional Council,quality_controlled_data,mean,1H,0H,m^3/s,https://creativecommons.org/licenses/by/4.0/,Data licenced by Horizons Regional Council,time_series,0.0001,1972-12-30T14:00:00,2022-07-30T10:00:00,153
04847a3ec6dba9bc3dd71889,groundwater,temperature,sensor_recording,Horizons Regional Council,quality_controlled_data,mean,24H,12H,degC,https://creativecommons.org/licenses/by/4.0/,Data licenced by Horizons Regional Council,time_series,0.01,2018-12-31T12:00:00,2022-07-30T12:00:00,6
a4921d02c96fccef1e04cbff,waterway,gage_height,sensor_recording,Horizons Regional Council,raw_data,mean,1H,0H,m,https://creativecommons.org/licenses/by/4.0/,Data licenced by Horizons Regional Council,time_series,0.001,2022-06-13T11:00:00,2022-07-11T21:00:00,110
05402ee54ca297044cbf644a,groundwater,groundwater_depth,sensor_recording,Horizons Regional Council,raw_data,mean,1H,0H,m,https://creativecommons.org/licenses/by/4.0/,Data licenced by Horizons Regional Council,time_series,0.001,2022-06-13T11:00:00,2022-07-11T21:00:00,32
1555d4c0f26cbe0f19e248ab,atmosphere,precipitation,sensor_recording,Horizons Regional Council,quality_controlled_data,cumulative,None,0H,mm,https://creativecommons.org/licenses/by/4.0/,Data licenced by Horizons Regional Council,time_series,0.1,1972-12-30T20:00:00,2022-07-14T07:30:00,138
37c4642199810fe98923851e,waterway,gage_height,sensor_recording,Horizons Regional Council,quality_controlled_data,mean,24H,12H,m,https://creativecommons.org/licenses/by/4.0/,Data licenced by Horizons Regional Council,time_series,0.001,1972-12-30T12:00:00,2022-07-29T12:00:00,202
f9e1ef502a333a62eff647b3,waterway,turbidity,sensor_recording,Horizons Regional Council,quality_controlled_data,continuous,None,0H,FNU,https://creativecommons.org/licenses/by/4.0/,Data licenced by Horizons Regional Council,time_series,0.001,2010-06-09T05:00:00,2022-07-14T07:00:00,22
3556f3aa815d3e79f0228134,waterway,turbidity,sensor_recording,Horizons Regional Council,quality_controlled_data,mean,1H,0H,FNU,https://creativecommons.org/licenses/by/4.0/,Data licenced by Horizons Regional Council,time_series,0.001,2010-06-09T05:00:00,2022-07-31T01:00:00,23
be0ef6363fb32176d96336c0,still_waters,temperature,sensor_recording,Horizons Regional Council,quality_controlled_data,mean,1H,0H,degC,https://creativecommons.org/licenses/by/4.0/,Data licenced by Horizons Regional Council,time_series,0.01,2018-12-31T12:00:00,2022-07-30T23:00:00,2
777c9d6d97a60ab13a5e5cea,groundwater,temperature,sensor_recording,Horizons Regional Council,quality_controlled_data,continuous,None,0H,degC,https://creativecommons.org/licenses/by/4.0/,Data licenced by Horizons Regional Council,time_series,0.01,2018-12-31T12:00:00,2022-07-14T06:00:00,6
3a20165ad347744d4131308f,still_waters,oxygen_dissolved,field_activity,Horizons Regional Council,quality_controlled_data,sporadic,None,0H,mg/l,https://creativecommons.org/licenses/by/4.0/,Data licenced by Horizons Regional Council,time_series,0.01,2007-12-17T18:40:00,2021-06-02T22:33:00,39
59b865351f0a5dabe8d7f376,atmosphere,precipitation,sensor_recording,Horizons Regional Council,raw_data,cumulative,None,0H,mm,https://creativecommons.org/licenses/by/4.0/,Data licenced by Horizons Regional Council,time_series,0.1,2022-06-21T16:20:00,2022-07-11T21:10:00,15
92b99262814d8ab6a8562d27,waterway,streamflow,sensor_recording,Horizons Regional Council,quality_controlled_data,mean,24H,12H,m^3/s,https://creativecommons.org/licenses/by/4.0/,Data licenced by Horizons Regional Council,time_series,0.0001,1972-12-30T12:00:00,2022-07-29T12:00:00,154
0445293f8fa8ae5e2bcecb4c,waterway,streamflow,sensor_recording,Horizons Regional Council,raw_data,mean,1H,0H,m^3/s,https://creativecommons.org/licenses/by/4.0/,Data licenced by Horizons Regional Council,time_series,0.0001,2022-06-13T11:00:00,2022-07-11T21:00:00,77
c49f94e0f5c125d87b5cad00,still_waters,temperature,sensor_recording,Horizons Regional Council,quality_controlled_data,mean,24H,12H,degC,https://creativecommons.org/licenses/by/4.0/,Data licenced by Horizons Regional Council,time_series,0.01,2018-12-31T12:00:00,2022-07-30T12:00:00,2
3e9442d04eb4c77710dcbe8b,waterway,gage_height,sensor_recording,Horizons Regional Council,quality_controlled_data,continuous,None,0H,m,https://creativecommons.org/licenses/by/4.0/,Data licenced by Horizons Regional Council,time_series,0.001,1972-12-30T17:00:00,2022-07-13T20:50:00,193
51e8ca32fc1deb369dd5f830,waterway,oxygen_dissolved,sensor_recording,Tasman District Council,quality_controlled_data,mean,1H,0H,mg/l,https://creativecommons.org/licenses/by/4.0/,Data licenced by Tasman District Council,time_series,0.01,2006-01-25T21:00:00,2022-07-31T04:00:00,82
320d9bdf56c916b9478d0abc,waterway,oxygen_dissolved,sensor_recording,Tasman District Council,quality_controlled_data,mean,24H,12H,mg/l,https://creativecommons.org/licenses/by/4.0/,Data licenced by Tasman District Council,time_series,0.01,2006-01-25T12:00:00,2022-07-30T12:00:00,82
9cf21dd3449782eef280c29d,groundwater,temperature,sensor_recording,Tasman District Council,quality_controlled_data,mean,24H,12H,degC,https://creativecommons.org/licenses/by/4.0/,Data licenced by Tasman District Council,time_series,0.01,2002-02-07T12:00:00,2022-07-30T12:00:00,8
c156fc2e16d36f9f0ba36423,waterway,streamflow,sensor_recording,Tasman District Council,quality_controlled_data,mean,1H,0H,m^3/s,https://creativecommons.org/licenses/by/4.0/,Data licenced by Tasman District Council,time_series,0.0001,1934-03-27T12:00:00,2022-07-31T02:00:00,93
68387930324ddd637dea6934,waterway,gage_height,sensor_recording,Tasman District Council,quality_controlled_data,mean,1H,0H,m,https://creativecommons.org/licenses/by/4.0/,Data licenced by Tasman District Council,time_series,0.001,1934-03-27T12:00:00,2022-07-31T02:00:00,127
8cebb552fbf4b601aa1d368d,atmosphere,precipitation,sensor_recording,Tasman District Council,quality_controlled_data,cumulative,24H,12H,mm,https://creativecommons.org/licenses/by/4.0/,Data licenced by Tasman District Council,time_series,0.1,1889-05-01T12:00:00,2022-07-30T12:00:00,144
b70d16259ada9f4afe25364c,groundwater,temperature,sensor_recording,Tasman District Council,quality_controlled_data,mean,1H,0H,degC,https://creativecommons.org/licenses/by/4.0/,Data licenced by Tasman District Council,time_series,0.01,2002-02-07T23:00:00,2022-07-31T04:00:00,8
84f0d750c72659c54bf3eac9,waterway,turbidity,sensor_recording,Tasman District Council,quality_controlled_data,mean,24H,12H,FNU,https://creativecommons.org/licenses/by/4.0/,Data licenced by Tasman District Council,time_series,0.001,2006-02-02T12:00:00,2022-07-30T12:00:00,13
dc973233b35078d488f78bed,waterway,gage_height,sensor_recording,Tasman District Council,quality_controlled_data,mean,24H,12H,m,https://creativecommons.org/licenses/by/4.0/,Data licenced by Tasman District Council,time_series,0.001,1934-03-27T12:00:00,2022-07-30T12:00:00,130
a746aca4bd66981f148e680f,atmosphere,precipitation,sensor_recording,Tasman District Council,quality_controlled_data,cumulative,1H,0H,mm,https://creativecommons.org/licenses/by/4.0/,Data licenced by Tasman District Council,time_series,0.1,1941-06-01T20:00:00,2022-07-31T04:00:00,106
6342796d28b8314581eeb878,waterway,streamflow,sensor_recording,Tasman District Council,quality_controlled_data,mean,24H,12H,m^3/s,https://creativecommons.org/licenses/by/4.0/,Data licenced by Tasman District Council,time_series,0.0001,1934-03-27T12:00:00,2022-07-30T12:00:00,95
319f65253dc1938416b37b67,waterway,turbidity,sensor_recording,Tasman District Council,quality_controlled_data,mean,1H,0H,FNU,https://creativecommons.org/licenses/by/4.0/,Data licenced by Tasman District Council,time_series,0.001,2006-02-03T05:00:00,2022-07-31T04:00:00,13
b159af437923944299776ba9,waterway,temperature,sensor_recording,Tasman District Council,quality_controlled_data,mean,24H,12H,degC,https://creativecommons.org/licenses/by/4.0/,Data licenced by Tasman District Council,time_series,0.01,1986-11-20T12:00:00,2022-12-05T12:00:00,153
64a7d4d43d25aed6be11c57f,waterway,temperature,sensor_recording,Tasman District Council,quality_controlled_data,mean,1H,0H,degC,https://creativecommons.org/licenses/by/4.0/,Data licenced by Tasman District Council,time_series,0.01,1986-11-21T00:00:00,2022-12-06T00:00:00,153
f41d89b946b60eac6bc8cb66,groundwater,groundwater_depth,sensor_recording,Tasman District Council,quality_controlled_data,mean,1H,0H,m,https://creativecommons.org/licenses/by/4.0/,Data licenced by Tasman District Council,time_series,0.001,1970-06-04T23:00:00,2022-07-31T02:00:00,120
02c9aa1f37be25b06498a144,groundwater,groundwater_depth,sensor_recording,Tasman District Council,quality_controlled_data,mean,24H,12H,m,https://creativecommons.org/licenses/by/4.0/,Data licenced by Tasman District Council,time_series,0.001,1970-06-04T12:00:00,2022-07-30T12:00:00,121
97ac1f1b96a851d41c066006,waterway,streamflow,field_activity,Tasman District Council,quality_controlled_data,sporadic,None,0H,m^3/s,https://creativecommons.org/licenses/by/4.0/,Data licenced by Tasman District Council,time_series,0.0001,1950-02-01T04:30:00,2022-07-27T22:35:00,97
0ebbc97082b30145d035c904,waterway,gage_height,field_activity,Tasman District Council,quality_controlled_data,sporadic,None,0H,mm,https://creativecommons.org/licenses/by/4.0/,Data licenced by Tasman District Council,time_series,0.001,1950-02-01T04:30:00,2022-07-27T22:35:00,94
d400202da7013de69a8acfe1,waterway,velocity,field_activity,Tasman District Council,quality_controlled_data,sporadic,None,0H,m/s,https://creativecommons.org/licenses/by/4.0/,Data licenced by Tasman District Council,time_series,0.001,1950-02-01T04:30:00,2022-07-27T22:35:00,92
6c24457ea04a51c2cd8cce37,groundwater,groundwater_depth,sensor_recording,Taranaki Regional Council,raw_data,mean,24H,12H,m,https://creativecommons.org/licenses/by/4.0/,Data licenced by Taranaki Regional Council,time_series,0.001,2017-05-28T12:00:00,2022-07-12T12:00:00,14
1aba9a4bb8bfb2fc3d468e54,groundwater,groundwater_depth,sensor_recording,Taranaki Regional Council,raw_data,mean,1H,0H,m,https://creativecommons.org/licenses/by/4.0/,Data licenced by Taranaki Regional Council,time_series,0.001,2017-05-29T00:00:00,2022-07-12T23:00:00,14
781759c12ca19fa875406d39,atmosphere,precipitation,sensor_recording,Taranaki Regional Council,raw_data,cumulative,24H,12H,mm,https://creativecommons.org/licenses/by/4.0/,Data licenced by Taranaki Regional Council,time_series,0.1,2008-06-30T12:00:00,2022-07-13T12:00:00,43
2ad9badfa2ed0a534a09f130,atmosphere,precipitation,sensor_recording,Taranaki Regional Council,raw_data,cumulative,1H,0H,mm,https://creativecommons.org/licenses/by/4.0/,Data licenced by Taranaki Regional Council,time_series,0.1,2008-06-30T12:00:00,2022-07-14T04:00:00,43
d96875b14295b8252a57fd3b,groundwater,groundwater_depth,sensor_recording,Taranaki Regional Council,quality_controlled_data,mean,24H,12H,m,https://creativecommons.org/licenses/by/4.0/,Data licenced by Taranaki Regional Council,time_series,0.001,2017-05-28T12:00:00,2022-07-28T12:00:00,14
238f15ad83db5a29da33ae1c,groundwater,groundwater_depth,sensor_recording,Taranaki Regional Council,quality_controlled_data,mean,1H,0H,m,https://creativecommons.org/licenses/by/4.0/,Data licenced by Taranaki Regional Council,time_series,0.001,2017-05-29T00:00:00,2022-07-29T03:00:00,14
c82288999f4737f1bf2820ca,waterway,gage_height,sensor_recording,Taranaki Regional Council,quality_controlled_data,mean,24H,12H,m,https://creativecommons.org/licenses/by/4.0/,Data licenced by Taranaki Regional Council,time_series,0.001,2011-09-19T12:00:00,2022-07-30T12:00:00,71
37b0d022145f054cba25665a,waterway,gage_height,sensor_recording,Taranaki Regional Council,quality_controlled_data,mean,1H,0H,m,https://creativecommons.org/licenses/by/4.0/,Data licenced by Taranaki Regional Council,time_series,0.001,2011-09-20T04:00:00,2022-07-31T04:00:00,71
55ec18db5ced86ae9cb13ede,waterway,streamflow,sensor_recording,Taranaki Regional Council,quality_controlled_data,mean,1H,0H,m^3/s,https://creativecommons.org/licenses/by/4.0/,Data licenced by Taranaki Regional Council,time_series,0.0001,2011-09-20T04:00:00,2022-07-31T04:00:00,58
f16c23ea36423b96412656bb,waterway,streamflow,sensor_recording,Taranaki Regional Council,quality_controlled_data,mean,24H,12H,m^3/s,https://creativecommons.org/licenses/by/4.0/,Data licenced by Taranaki Regional Council,time_series,0.0001,2011-09-19T12:00:00,2022-07-30T12:00:00,58
983478e4a7c0c554fec1e590,waterway,oxygen_dissolved,sensor_recording,Taranaki Regional Council,quality_controlled_data,mean,24H,12H,mg/l,https://creativecommons.org/licenses/by/4.0/,Data licenced by Taranaki Regional Council,time_series,0.01,2011-09-20T12:00:00,2022-07-30T12:00:00,9
09dddbe1e4b99058b45c54f5,waterway,oxygen_dissolved,sensor_recording,Taranaki Regional Council,quality_controlled_data,mean,1H,0H,mg/l,https://creativecommons.org/licenses/by/4.0/,Data licenced by Taranaki Regional Council,time_series,0.01,2011-09-21T02:00:00,2022-07-31T04:00:00,9
0b2a60a1e33b5f9ffdb9d86f,waterway,temperature,sensor_recording,Taranaki Regional Council,quality_controlled_data,mean,1H,0H,degC,https://creativecommons.org/licenses/by/4.0/,Data licenced by Taranaki Regional Council,time_series,0.01,2011-09-21T02:00:00,2022-07-31T04:00:00,53
b2bf425242398bf93496e158,waterway,temperature,sensor_recording,Taranaki Regional Council,quality_controlled_data,mean,24H,12H,degC,https://creativecommons.org/licenses/by/4.0/,Data licenced by Taranaki Regional Council,time_series,0.01,2011-09-20T12:00:00,2022-07-30T12:00:00,53
c4a2abcd493c4a9eeeb96da8,waterway,turbidity,sensor_recording,Taranaki Regional Council,quality_controlled_data,mean,24H,12H,FNU,https://creativecommons.org/licenses/by/4.0/,Data licenced by Taranaki Regional Council,time_series,0.001,2016-11-07T12:00:00,2022-07-30T12:00:00,6
8a99f1be9d775f3953c4bb58,waterway,turbidity,sensor_recording,Taranaki Regional Council,quality_controlled_data,mean,1H,0H,FNU,https://creativecommons.org/licenses/by/4.0/,Data licenced by Taranaki Regional Council,time_series,0.001,2016-11-08T02:00:00,2022-07-31T04:00:00,6
fdd7db2656ec5c76864cee15,atmosphere,precipitation,sensor_recording,Taranaki Regional Council,quality_controlled_data,cumulative,24H,12H,mm,https://creativecommons.org/licenses/by/4.0/,Data licenced by Taranaki Regional Council,time_series,0.1,2008-06-30T12:00:00,2022-07-30T12:00:00,44
94636d0feac15a25789b5ffe,atmosphere,precipitation,sensor_recording,Taranaki Regional Council,quality_controlled_data,cumulative,1H,0H,mm,https://creativecommons.org/licenses/by/4.0/,Data licenced by Taranaki Regional Council,time_series,0.1,2008-06-30T12:00:00,2022-07-31T04:00:00,44
b554bc4d75110f92ae0fda2c,waterway,gage_height,sensor_recording,NIWA,quality_controlled_data,mean,1H,0H,m,https://creativecommons.org/licenses/by/4.0/,Information / Data sourced from NIWA,time_series,0.001,1951-05-31T12:00:00,2022-09-02T20:00:00,43
320d6836250169a5f7b78163,waterway,streamflow,sensor_recording,NIWA,quality_controlled_data,mean,1H,0H,m^3/s,https://creativecommons.org/licenses/by/4.0/,Information / Data sourced from NIWA,time_series,0.0001,1951-05-31T12:00:00,2022-09-02T20:00:00,42
abe42d59079270d70922959a,waterway,temperature,field_activity,NIWA,quality_controlled_data,sporadic,None,0H,degC,https://creativecommons.org/licenses/by/4.0/,Information / Data sourced from NIWA,time_series,0.01,1989-01-22T21:30:00,2022-03-23T22:00:00,76
8f390d926440520b21f61729,waterway,nitrogen_nitrate,sample_analysis,NIWA,quality_controlled_data,sporadic,None,0H,mg/l,https://creativecommons.org/licenses/by/4.0/,Information / Data sourced from NIWA,time_series,0.001,1989-01-22T21:30:00,2022-03-23T22:00:00,77
1fcf492a71d534d1a3f36324,waterway,turbidity,sample_analysis,NIWA,quality_controlled_data,sporadic,None,0H,NTU,https://creativecommons.org/licenses/by/4.0/,Information / Data sourced from NIWA,time_series,0.001,1989-01-22T21:30:00,2022-03-23T22:00:00,77
ae981862543bc049b7da687f,waterway,e-coli,sample_analysis,NIWA,quality_controlled_data,sporadic,None,0H,MPN/100mL,https://creativecommons.org/licenses/by/4.0/,Information / Data sourced from NIWA,time_series,1.0,2005-01-31T22:35:00,2022-03-23T22:00:00,77
fd1fe7d4c8907f80bab86100,waterway,coliform_total,sample_analysis,NIWA,quality_controlled_data,sporadic,None,0H,MPN/100mL,https://creativecommons.org/licenses/by/4.0/,Information / Data sourced from NIWA,time_series,1.0,2005-01-31T22:35:00,2022-03-23T22:00:00,77
98e9ae74e28417633e5bce41,waterway,phosphorus_orthophosphate_dissolved,sample_analysis,NIWA,quality_controlled_data,sporadic,None,0H,mg/l,https://creativecommons.org/licenses/by/4.0/,Information / Data sourced from NIWA,time_series,0.001,1989-01-22T21:30:00,2022-03-23T22:00:00,77
4ea1abae4960ebd6f8f2cc83,waterway,phosphorus_total,sample_analysis,NIWA,quality_controlled_data,sporadic,None,0H,mg/l,https://creativecommons.org/licenses/by/4.0/,Information / Data sourced from NIWA,time_series,0.001,1989-01-22T21:30:00,2022-03-23T22:00:00,77
958aa622315170f167440e8b,waterway,nitrogen_total,sample_analysis,NIWA,quality_controlled_data,sporadic,None,0H,mg/l,https://creativecommons.org/licenses/by/4.0/,Information / Data sourced from NIWA,time_series,0.001,1989-01-22T21:30:00,2022-03-23T22:00:00,77
d0beb7f573193ea6bcef837b,waterway,electrical_conductivity,sample_analysis,NIWA,quality_controlled_data,sporadic,None,0H,uS/cm,https://creativecommons.org/licenses/by/4.0/,Information / Data sourced from NIWA,time_series,0.1,1989-01-22T21:30:00,2022-03-23T22:00:00,77
c3b3e7897ab38e09f9203c74,waterway,oxygen_dissolved,sample_analysis,NIWA,quality_controlled_data,sporadic,None,0H,mg/l,https://creativecommons.org/licenses/by/4.0/,Information / Data sourced from NIWA,time_series,0.01,1989-01-22T21:30:00,2022-03-23T22:00:00,76
568df88b6d15db2d17f27c68,waterway,streamflow,field_activity,Otago Regional Council,quality_controlled_data,sporadic,None,0H,m^3/s,https://creativecommons.org/licenses/by/4.0/,Data licenced by Otago Regional Council,time_series,0.0001,1914-12-31T00:00:00,2021-07-07T03:40:00,376
06b1bc3b14f6a48f0f8c5a1f,atmosphere,precipitation,sensor_recording,Otago Regional Council,quality_controlled_data,cumulative,1H,0H,mm,https://creativecommons.org/licenses/by/4.0/,Data licenced by Otago Regional Council,time_series,0.1,1971-10-27T04:00:00,2021-02-17T23:00:00,62
9a870e62ed798bac5d7c8df1,waterway,streamflow,sensor_recording,Otago Regional Council,quality_controlled_data,mean,1H,0H,m^3/s,https://creativecommons.org/licenses/by/4.0/,Data licenced by Otago Regional Council,time_series,0.0001,1930-10-13T02:00:00,2021-08-03T19:00:00,248
1aa6306007b308e124d9f0bc,waterway,streamflow,sensor_recording,Otago Regional Council,quality_controlled_data,mean,24H,12H,m^3/s,https://creativecommons.org/licenses/by/4.0/,Data licenced by Otago Regional Council,time_series,0.0001,1930-10-12T12:00:00,2021-08-03T12:00:00,249
9f50c69a96ed5b7fb677e1a6,atmosphere,precipitation,sensor_recording,Otago Regional Council,quality_controlled_data,cumulative,None,0H,mm,https://creativecommons.org/licenses/by/4.0/,Data licenced by Otago Regional Council,time_series,0.1,1931-05-01T21:00:00,2021-02-17T23:50:00,81
807225ff0967cfcc4cba048d,waterway,streamflow,sensor_recording,Otago Regional Council,quality_controlled_data,continuous,None,0H,m^3/s,https://creativecommons.org/licenses/by/4.0/,Data licenced by Otago Regional Council,time_series,0.0001,1930-10-13T02:30:00,2021-08-03T19:00:00,249
26bd066ccf7077e7dd39656b,atmosphere,precipitation,sensor_recording,Otago Regional Council,quality_controlled_data,cumulative,24H,12H,mm,https://creativecommons.org/licenses/by/4.0/,Data licenced by Otago Regional Council,time_series,0.1,1931-05-01T12:00:00,2021-02-17T12:00:00,81
25998e372db32d76523514eb,atmosphere,precipitation,sensor_recording,Otago Regional Council,raw_data,cumulative,None,0H,mm,https://creativecommons.org/licenses/by/4.0/,Data licenced by Otago Regional Council,time_series,0.1,2022-05-07T12:20:00,2022-09-08T00:15:00,40
908f1c8314cfa7027e109d47,waterway,streamflow,sensor_recording,Otago Regional Council,raw_data,continuous,None,0H,m^3/s,https://creativecommons.org/licenses/by/4.0/,Data licenced by Otago Regional Council,time_series,0.0001,2022-05-07T12:20:00,2022-09-08T00:15:00,59
f000f88185bd8c0711736973,atmosphere,precipitation,sensor_recording,Otago Regional Council,raw_data,cumulative,1H,0H,mm,https://creativecommons.org/licenses/by/4.0/,Data licenced by Otago Regional Council,time_series,0.1,2022-05-07T12:00:00,2022-09-08T00:00:00,40
85316aa3edfc6ee9cf517644,waterway,streamflow,sensor_recording,Otago Regional Council,raw_data,mean,1H,0H,m^3/s,https://creativecommons.org/licenses/by/4.0/,Data licenced by Otago Regional Council,time_series,0.0001,2022-05-07T12:00:00,2022-09-08T00:00:00,59
197d5fa3ca598d1599177ce2,groundwater,groundwater_depth,field_activity,Gisborne District Council,quality_controlled_data,sporadic,None,0H,m,https://creativecommons.org/licenses/by/4.0/,Data licenced by Gisborne District Council,time_series,0.001,1973-03-07T20:00:00,2022-08-31T23:31:59,167
94c94f1fc3061df8edcd5009,groundwater,water_level,field_activity,Gisborne District Council,quality_controlled_data,sporadic,None,0H,m,https://creativecommons.org/licenses/by/4.0/,Data licenced by Gisborne District Council,time_series,0.001,1973-03-07T20:00:00,2022-08-31T23:31:59,119
210138ed2e085288b510aece,groundwater,water_level,sensor_recording,Gisborne District Council,quality_controlled_data,mean,1H,0H,m,https://creativecommons.org/licenses/by/4.0/,Data licenced by Gisborne District Council,time_series,0.001,1991-05-07T22:00:00,2022-09-07T14:00:00,24
e43b541f148830830442c755,groundwater,water_level,sensor_recording,Gisborne District Council,quality_controlled_data,mean,24H,12H,m,https://creativecommons.org/licenses/by/4.0/,Data licenced by Gisborne District Council,time_series,0.001,1991-05-07T12:00:00,2022-09-07T12:00:00,24
02f09d82cbf0dc5de1ba33a7,waterway,gage_height,sensor_recording,Gisborne District Council,quality_controlled_data,mean,1H,0H,m,https://creativecommons.org/licenses/by/4.0/,Data licenced by Gisborne District Council,time_series,0.001,1927-01-01T00:00:00,2022-09-07T14:00:00,47
c0dd2965c8ac3db4d17e300f,waterway,gage_height,sensor_recording,Gisborne District Council,quality_controlled_data,mean,24H,12H,m,https://creativecommons.org/licenses/by/4.0/,Data licenced by Gisborne District Council,time_series,0.001,1926-12-31T12:00:00,2022-09-07T12:00:00,47
49db5793ffd6252c6c6c2521,waterway,streamflow,sensor_recording,Gisborne District Council,quality_controlled_data,mean,1H,0H,m^3/s,https://creativecommons.org/licenses/by/4.0/,Data licenced by Gisborne District Council,time_series,0.0001,1927-01-01T00:00:00,2022-09-07T14:00:00,39
e5fa804ca34dd263cf2a33e3,waterway,streamflow,sensor_recording,Gisborne District Council,quality_controlled_data,mean,24H,12H,m^3/s,https://creativecommons.org/licenses/by/4.0/,Data licenced by Gisborne District Council,time_series,0.0001,1926-12-31T12:00:00,2022-09-07T12:00:00,39
1873e94e221dbd1d04e17238,waterway,nitrogen_nitrate,sample_analysis,Gisborne District Council,quality_controlled_data,sporadic,None,0H,mg/l,https://creativecommons.org/licenses/by/4.0/,Data licenced by Gisborne District Council,time_series,0.001,1973-11-07T01:10:00,2022-08-19T01:08:00,86
c76c8449362136803a832714,groundwater,nitrogen_nitrate,sample_analysis,Gisborne District Council,quality_controlled_data,sporadic,None,0H,mg/l,https://creativecommons.org/licenses/by/4.0/,Data licenced by Gisborne District Council,time_series,0.001,1982-11-18T03:00:00,2022-07-31T22:30:00,158
21c3e8a30abe9796804ec681,waterway,nitrogen_ammonia_+_ammonium,sample_analysis,Gisborne District Council,quality_controlled_data,sporadic,None,0H,mg/l,https://creativecommons.org/licenses/by/4.0/,Data licenced by Gisborne District Council,time_series,0.001,1973-11-07T01:10:00,2022-08-19T01:08:00,83
59e06e9b3a7890ef38c4c4ee,groundwater,nitrogen_ammonia,sample_analysis,Gisborne District Council,quality_controlled_data,sporadic,None,0H,mg/l,https://creativecommons.org/licenses/by/4.0/,Data licenced by Gisborne District Council,time_series,0.001,1985-05-16T21:10:00,2022-07-31T22:30:00,164
354787a667fa05be63f09d4b,waterway,nitrogen_total,sample_analysis,Gisborne District Council,quality_controlled_data,sporadic,None,0H,mg/l,https://creativecommons.org/licenses/by/4.0/,Data licenced by Gisborne District Council,time_series,0.001,2014-10-07T18:56:00,2022-08-19T01:08:00,88
ddbf7c85c61f1656eb1119a8,groundwater,nitrogen_total,sample_analysis,Gisborne District Council,quality_controlled_data,sporadic,None,0H,mg/l,https://creativecommons.org/licenses/by/4.0/,Data licenced by Gisborne District Council,time_series,0.001,2016-04-12T23:00:00,2022-07-31T22:30:00,83
bd2f165ebd00803149b652a8,waterway,phosphorus_orthophosphate,sample_analysis,Gisborne District Council,quality_controlled_data,sporadic,None,0H,mg/l,https://creativecommons.org/licenses/by/4.0/,Data licenced by Gisborne District Council,time_series,0.001,1973-11-07T01:10:00,2022-08-19T01:08:00,81
1721f61a9a00712adeb4f663,groundwater,phosphorus_orthophosphate,sample_analysis,Gisborne District Council,quality_controlled_data,sporadic,None,0H,mg/l,https://creativecommons.org/licenses/by/4.0/,Data licenced by Gisborne District Council,time_series,0.001,1982-05-26T12:00:00,2022-07-31T22:30:00,127
596e5d87e827ebf7ae3a13b7,waterway,phosphorus_total,sample_analysis,Gisborne District Council,quality_controlled_data,sporadic,None,0H,mg/l,https://creativecommons.org/licenses/by/4.0/,Data licenced by Gisborne District Council,time_series,0.001,1990-05-07T20:20:00,2022-08-19T01:08:00,86
d261b64a6cea9028c88b238a,groundwater,phosphorus_total,sample_analysis,Gisborne District Council,quality_controlled_data,sporadic,None,0H,mg/l,https://creativecommons.org/licenses/by/4.0/,Data licenced by Gisborne District Council,time_series,0.001,2016-09-29T21:14:00,2022-07-31T22:30:00,22
389a4abc2bdb0e218eecf4b0,waterway,electrical_conductivity,sample_analysis,Gisborne District Council,quality_controlled_data,sporadic,None,0H,mS/m,https://creativecommons.org/licenses/by/4.0/,Data licenced by Gisborne District Council,time_series,0.1,1977-10-06T01:49:59,2022-08-18T22:59:00,25
f57a2b9b6f1826503ed8c6e3,groundwater,electrical_conductivity,sample_analysis,Gisborne District Council,quality_controlled_data,sporadic,None,0H,mS/m,https://creativecommons.org/licenses/by/4.0/,Data licenced by Gisborne District Council,time_series,0.1,2000-09-10T20:10:00,2007-04-29T23:17:00,12
60b937bd1a2bcb14501e5754,waterway,electrical_conductivity,field_activity,Gisborne District Council,quality_controlled_data,sporadic,None,0H,mS/m,https://creativecommons.org/licenses/by/4.0/,Data licenced by Gisborne District Council,time_series,0.1,1977-02-06T19:49:59,2022-08-30T21:34:00,111
c3065d56d5427780341d57a3,groundwater,electrical_conductivity,field_activity,Gisborne District Council,quality_controlled_data,sporadic,None,0H,mS/m,https://creativecommons.org/licenses/by/4.0/,Data licenced by Gisborne District Council,time_series,0.1,1982-05-26T12:00:00,2022-07-31T22:30:00,155
3b5a3b29e956b45bec0445b8,waterway,electrical_conductivity,sensor_recording,Gisborne District Council,quality_controlled_data,mean,1H,0H,mS/m,https://creativecommons.org/licenses/by/4.0/,Data licenced by Gisborne District Council,time_series,0.001,2016-05-10T03:00:00,2022-01-09T15:00:00,20
62e5800204bd6a3094914844,waterway,electrical_conductivity,sensor_recording,Gisborne District Council,quality_controlled_data,mean,24H,12H,mS/m,https://creativecommons.org/licenses/by/4.0/,Data licenced by Gisborne District Council,time_series,0.001,2016-05-09T12:00:00,2022-01-09T12:00:00,20
14f6ebcf5ada1828b756a0a5,groundwater,electrical_conductivity,sensor_recording,Gisborne District Council,quality_controlled_data,mean,1H,0H,mS/m,https://creativecommons.org/licenses/by/4.0/,Data licenced by Gisborne District Council,time_series,0.001,2016-05-11T01:00:00,2022-09-07T15:00:00,11
917ce38eb7b691a795b7d0b3,groundwater,electrical_conductivity,sensor_recording,Gisborne District Council,quality_controlled_data,mean,24H,12H,mS/m,https://creativecommons.org/licenses/by/4.0/,Data licenced by Gisborne District Council,time_series,0.001,2016-05-10T12:00:00,2022-09-07T12:00:00,11
5dab78ce451d72e85d42eb70,waterway,chloride_dissolved,sample_analysis,Gisborne District Council,quality_controlled_data,sporadic,None,0H,mg/l,https://creativecommons.org/licenses/by/4.0/,Data licenced by Gisborne District Council,time_series,0.001,1973-10-18T22:39:59,2022-07-05T02:25:00,54
08041f903088e6ac12be9b26,groundwater,chloride_dissolved,sample_analysis,Gisborne District Council,quality_controlled_data,sporadic,None,0H,mg/l,https://creativecommons.org/licenses/by/4.0/,Data licenced by Gisborne District Council,time_series,0.001,1982-05-26T12:00:00,2022-07-21T03:10:00,162
cad5f49acced8bae25f21e61,waterway,coliform_fecal,sample_analysis,Gisborne District Council,quality_controlled_data,sporadic,None,0H,cfu/100ml,https://creativecommons.org/licenses/by/4.0/,Data licenced by Gisborne District Council,time_series,1.0,1980-06-23T21:17:00,2022-08-24T00:02:00,101
c0db282ff35766ce1e2a15a7,groundwater,coliform_fecal,sample_analysis,Gisborne District Council,quality_controlled_data,sporadic,None,0H,cfu/100ml,https://creativecommons.org/licenses/by/4.0/,Data licenced by Gisborne District Council,time_series,1.0,1985-03-20T23:15:00,2022-07-20T23:20:00,68
9660e72c764618f5ac534c25,waterway,coliform_total,sample_analysis,Gisborne District Council,quality_controlled_data,sporadic,None,0H,number/100ml,https://creativecommons.org/licenses/by/4.0/,Data licenced by Gisborne District Council,time_series,1.0,1978-06-18T01:53:00,2022-07-20T23:55:00,68
8bff1e372b5a908178e778e9,groundwater,coliform_total,sample_analysis,Gisborne District Council,quality_controlled_data,sporadic,None,0H,number/100ml,https://creativecommons.org/licenses/by/4.0/,Data licenced by Gisborne District Council,time_series,1.0,1988-03-10T12:00:00,2022-07-20T23:00:00,37
548b4883a2aca02211c1af38,waterway,e-coli,sample_analysis,Gisborne District Council,quality_controlled_data,sporadic,None,0H,MPN/100ml,https://creativecommons.org/licenses/by/4.0/,Data licenced by Gisborne District Council,time_series,1.0,1980-06-23T21:45:00,2022-08-30T21:34:00,97
887bc8b11ba501e088abe360,groundwater,e-coli,sample_analysis,Gisborne District Council,quality_controlled_data,sporadic,None,0H,MPN/100ml,https://creativecommons.org/licenses/by/4.0/,Data licenced by Gisborne District Council,time_series,1.0,2003-04-28T22:30:00,2022-07-21T03:10:00,105
7b4b3ba702a10dc44fa805d3,groundwater,oxygen_dissolved,field_activity,Gisborne District Council,quality_controlled_data,sporadic,None,0H,mg/l,https://creativecommons.org/licenses/by/4.0/,Data licenced by Gisborne District Council,time_series,0.01,1997-01-28T20:16:00,2022-07-31T22:30:00,144
61a98ad9647bf4353a63e842,waterway,oxygen_dissolved,field_activity,Gisborne District Council,quality_controlled_data,sporadic,None,0H,mg/l,https://creativecommons.org/licenses/by/4.0/,Data licenced by Gisborne District Council,time_series,0.01,1973-08-30T13:13:00,2022-08-30T21:34:00,113
17eced1eb8217bcfdd5161d9,waterway,oxygen_dissolved,sensor_recording,Gisborne District Council,quality_controlled_data,mean,24H,12H,mg/l,https://creativecommons.org/licenses/by/4.0/,Data licenced by Gisborne District Council,time_series,0.01,2016-09-13T12:00:00,2022-02-21T12:00:00,24
8ddf10761005135162c75ea9,waterway,oxygen_dissolved,sensor_recording,Gisborne District Council,quality_controlled_data,mean,1H,0H,mg/l,https://creativecommons.org/licenses/by/4.0/,Data licenced by Gisborne District Council,time_series,0.01,2016-09-14T03:00:00,2022-02-21T21:00:00,24
87a24e030a993d920cf1c072,waterway,temperature,sensor_recording,Gisborne District Council,quality_controlled_data,mean,24H,12H,degC,https://creativecommons.org/licenses/by/4.0/,Data licenced by Gisborne District Council,time_series,0.01,2014-10-09T12:00:00,2022-09-07T12:00:00,34
15daa828e6928ab5540414fc,waterway,temperature,sensor_recording,Gisborne District Council,quality_controlled_data,mean,1H,0H,degC,https://creativecommons.org/licenses/by/4.0/,Data licenced by Gisborne District Council,time_series,0.01,2014-10-10T01:00:00,2022-09-07T16:00:00,34
9276a29789d7cbc11526f649,waterway,turbidity,sample_analysis,Gisborne District Council,quality_controlled_data,sporadic,None,0H,NTU,https://creativecommons.org/licenses/by/4.0/,Data licenced by Gisborne District Council,time_series,0.01,1973-11-07T01:10:00,2022-08-19T01:08:00,85
0b89d8eccd596801239f16e8,atmosphere,precipitation,sensor_recording,Gisborne District Council,quality_controlled_data,cumulative,24H,12H,mm,https://creativecommons.org/licenses/by/4.0/,Data licenced by Gisborne District Council,time_series,0.1,1946-08-01T12:00:00,2022-09-07T12:00:00,77
1bcccccdef22871a951879e4,atmosphere,precipitation,sensor_recording,Gisborne District Council,quality_controlled_data,cumulative,1H,0H,mm,https://creativecommons.org/licenses/by/4.0/,Data licenced by Gisborne District Council,time_series,0.1,1946-08-01T20:00:00,2022-09-07T16:00:00,74
87c63c869c3238e60672fd23,groundwater,groundwater_depth,field_activity,Northland Regional Council,quality_controlled_data,sporadic,None,0H,m,https://creativecommons.org/licenses/by/4.0/,Data licenced by Northland Regional Council,time_series,0.001,1972-01-31T12:00:00,2022-08-31T02:55:00,165
f1aadce545a99995c4041def,groundwater,water_level,field_activity,Northland Regional Council,quality_controlled_data,sporadic,None,0H,m,https://creativecommons.org/licenses/by/4.0/,Data licenced by Northland Regional Council,time_series,0.001,1975-07-03T00:00:00,2022-08-31T02:55:00,92
41e4c023bf16e81741527d55,groundwater,water_level,sensor_recording,Northland Regional Council,quality_controlled_data,mean,1H,0H,m,https://creativecommons.org/licenses/by/4.0/,Data licenced by Northland Regional Council,time_series,0.001,1980-07-25T04:00:00,2022-09-07T21:00:00,10
437b9a015c475c7211c3c7e1,groundwater,water_level,sensor_recording,Northland Regional Council,quality_controlled_data,mean,24H,12H,m,https://creativecommons.org/licenses/by/4.0/,Data licenced by Northland Regional Council,time_series,0.001,1980-07-24T12:00:00,2022-09-07T12:00:00,10
157437d0f2a027a2286c67b3,waterway,gage_height,sensor_recording,Northland Regional Council,quality_controlled_data,mean,1H,0H,m,https://creativecommons.org/licenses/by/4.0/,Data licenced by Northland Regional Council,time_series,0.001,1958-01-23T22:00:00,2022-09-07T22:00:00,99
34a4b5397eee8bcfd15f05e7,waterway,gage_height,sensor_recording,Northland Regional Council,quality_controlled_data,mean,24H,12H,m,https://creativecommons.org/licenses/by/4.0/,Data licenced by Northland Regional Council,time_series,0.001,1958-01-23T12:00:00,2022-09-07T12:00:00,105
13eab305e101197e2ba29ee2,waterway,streamflow,sensor_recording,Northland Regional Council,quality_controlled_data,mean,1H,0H,m^3/s,https://creativecommons.org/licenses/by/4.0/,Data licenced by Northland Regional Council,time_series,0.0001,1958-01-23T22:00:00,2022-09-08T00:00:00,67
64d26b2b9a7ca89591db9d1c,waterway,streamflow,sensor_recording,Northland Regional Council,quality_controlled_data,mean,24H,12H,m^3/s,https://creativecommons.org/licenses/by/4.0/,Data licenced by Northland Regional Council,time_series,0.0001,1958-01-23T12:00:00,2022-09-07T12:00:00,67
ebf5b417fff8732ec9c7e2c8,atmosphere,precipitation,sensor_recording,Northland Regional Council,quality_controlled_data,cumulative,1H,0H,mm,https://creativecommons.org/licenses/by/4.0/,Data licenced by Northland Regional Council,time_series,0.1,1905-11-01T20:00:00,2022-09-08T01:00:00,67
7c52be51e726dd13f6275d56,atmosphere,precipitation,sensor_recording,Northland Regional Council,quality_controlled_data,cumulative,24H,12H,mm,https://creativecommons.org/licenses/by/4.0/,Data licenced by Northland Regional Council,time_series,0.1,1905-11-01T12:00:00,2022-09-07T12:00:00,193
